/**
 * @file  imgs.c
 * @copyright Copyright (C) 2019-2026 Michał Bąbik
 *
 * This file is part of Wall Changer.
 *
 * Wall Changer is free software: you can redistribute it and/or modify
 * it under the terms of the GNU General Public License as published by
 * the Free Software Foundation,either version 3 of the License,or
 * (at your option) any later version.
 *
 * Wall Changer is distributed in the hope that it will be useful,
 * but WITHOUT ANY WARRANTY; without even the implied warranty of
 * MERCHANTABILITY or FITNESS FOR A PARTICULAR PURPOSE.  See the
 * GNU General Public License for more details.
 *
 * You should have received a copy of the GNU General Public License
 * along with Wall Changer.  If not,see <https://www.gnu.org/licenses/>.
 *
 * @brief  Application icons
 *
 * @author Michal Babik <michal.babik@protonmail.com>
 */
#include <stdint.h>
#include "imgs.h"
/*----------------------------------------------------------------------------*/
/**
 * @var    add_svg
 * @brief  Add icon
 */
static const char *add_svg = 
"<svg width=\"64\" height=\"64\" version=\"1.1\" viewBox=\"0 0 16.933 16.933\" "
"xmlns=\"http://www.w3.org/2000/svg\" xmlns:xlink=\"http://www.w3.org/1999/xlin"
"k\"><defs><linearGradient id=\"linearGradient981\" x1=\"2.1167\" x2=\"17.727\""
" y1=\"15.081\" y2=\"-1.0583\" gradientUnits=\"userSpaceOnUse\"><stop stop-colo"
"r=\"#0f0\" offset=\"0\"/><stop stop-color=\"#fff\" offset=\"1\"/></linearGradi"
"ent></defs><path d=\"m6.0854 6.0854v-4.7625h4.7625v4.7625h4.7625v4.7625h-4.762"
"5v4.7625h-4.7625v-4.7625h-4.7625v-4.7625z\" fill=\"url(#linearGradient981)\" s"
"troke=\"#000\" stroke-width=\".26458px\"/></svg>";
/*----------------------------------------------------------------------------*/
/**
 * @var    add_dir_svg
 * @brief  Add from folder icon
 */
static const char *add_dir_svg = 
"<svg width=\"64\" height=\"64\" version=\"1.1\" viewBox=\"0 0 16.933 16.933\" "
"xmlns=\"http://www.w3.org/2000/svg\" xmlns:xlink=\"http://www.w3.org/1999/xlin"
"k\"><defs><linearGradient id=\"linearGradient981\" x1=\"2.1167\" x2=\"17.727\""
" y1=\"15.081\" y2=\"-1.0583\" gradientUnits=\"userSpaceOnUse\"><stop stop-colo"
"r=\"#ff0\" offset=\"0\"/><stop stop-color=\"#fff\" offset=\"1\"/></linearGradi"
"ent></defs><path d=\"m6.0854 6.0854v-4.7625h4.7625v4.7625h4.7625v4.7625h-4.762"
"5v4.7625h-4.7625v-4.7625h-4.7625v-4.7625z\" fill=\"url(#linearGradient981)\" s"
"troke=\"#000\" stroke-width=\".26458px\"/></svg>";
/*----------------------------------------------------------------------------*/
/**
 * @var    add_web_svg
 * @brief  Add from web icon
 */
static const char *add_web_svg = 
"<svg width=\"64\" height=\"64\" version=\"1.1\" viewBox=\"0 0 16.933 16.933\" "
"xmlns=\"http://www.w3.org/2000/svg\" xmlns:xlink=\"http://www.w3.org/1999/xlin"
"k\"><defs><linearGradient id=\"linearGradient981\" x1=\"2.1167\" x2=\"17.727\""
" y1=\"15.081\" y2=\"-1.0583\" gradientUnits=\"userSpaceOnUse\"><stop stop-colo"
"r=\"#0ff\" offset=\"0\"/><stop stop-color=\"#fff\" offset=\"1\"/></linearGradi"
"ent></defs><path d=\"m6.0854 6.0854v-4.7625h4.7625v4.7625h4.7625v4.7625h-4.762"
"5v4.7625h-4.7625v-4.7625h-4.7625v-4.7625z\" fill=\"url(#linearGradient981)\" s"
"troke=\"#000\" stroke-width=\".26458px\"/></svg>";
/*----------------------------------------------------------------------------*/
/**
 * @var    rem_svg
 * @brief  Remove icon
 */
static const char *rem_svg = 
"<svg width=\"64\" height=\"64\" version=\"1.1\" viewBox=\"0 0 16.933 16.933\" "
"xmlns=\"http://www.w3.org/2000/svg\" xmlns:xlink=\"http://www.w3.org/1999/xlin"
"k\"><defs><linearGradient id=\"linearGradient981\" x1=\"2.1167\" x2=\"26.458\""
" y1=\"15.081\" y2=\"-5.2917\" gradientUnits=\"userSpaceOnUse\"><stop stop-colo"
"r=\"#f00\" offset=\"0\"/><stop stop-color=\"#fff\" offset=\"1\"/></linearGradi"
"ent></defs><path d=\"m1.3229 6.0854h14.288v4.7625h-14.288z\" fill=\"url(#linea"
"rGradient981)\" stroke=\"#000\" stroke-width=\".26458px\"/></svg>";
/*----------------------------------------------------------------------------*/
/**
 * @var    dupl_svg
 * @brief  Duplicates icon
 */
static const char *dupl_svg = 
"<svg width=\"64\" height=\"64\" version=\"1.1\" viewBox=\"0 0 64 64\" xmlns=\""
"http://www.w3.org/2000/svg\" xmlns:xlink=\"http://www.w3.org/1999/xlink\"><def"
"s><linearGradient id=\"linearGradient2431\" x1=\"2\" x2=\"67\" y1=\"61\" y2=\""
"1\" gradientUnits=\"userSpaceOnUse\"><stop stop-color=\"#ff7f2a\" offset=\"0\""
"/><stop stop-color=\"#fca\" offset=\"1\"/></linearGradient></defs><g fill=\"ur"
"l(#linearGradient2431)\" stroke=\"#050505\" stroke-linecap=\"round\" stroke-wi"
"dth=\"1.1716\"><rect x=\"9\" y=\"5\" width=\"18\" height=\"54\" style=\"paint-"
"order:stroke fill markers\"/><rect x=\"37\" y=\"5\" width=\"18\" height=\"54\""
" style=\"paint-order:stroke fill markers\"/></g></svg>";
/*----------------------------------------------------------------------------*/
/**
 * @var    info_svg
 * @brief  Info icon
 */
static const char *info_svg = 
"<svg width=\"64\" height=\"64\" version=\"1.1\" viewBox=\"0 0 16.933 16.933\" "
"xmlns=\"http://www.w3.org/2000/svg\" xmlns:xlink=\"http://www.w3.org/1999/xlin"
"k\"><defs><linearGradient id=\"linearGradient2533\" x1=\"1.0583\" x2=\"21.196"
"\" y1=\"16.14\" y2=\"-.41967\" gradientTransform=\"matrix(1.1242 0 0 1.1242 -1"
".0518 -1.0518)\" gradientUnits=\"userSpaceOnUse\"><stop stop-color=\"#04a\" of"
"fset=\"0\"/><stop stop-color=\"#2a7fff\" offset=\".70993\"/><stop stop-color="
"\"#06f\" offset=\"1\"/></linearGradient></defs><g><ellipse cx=\"8.4667\" cy=\""
"8.4667\" rx=\"7.2571\" ry=\"7.2571\" fill=\"url(#linearGradient2533)\" stroke="
"\"#fff\" stroke-linecap=\"round\" stroke-width=\"1.8899\" style=\"paint-order:"
"stroke fill markers\"/><text x=\"6.4574871\" y=\"12.680363\" fill=\"#000080\" "
"font-family=\"sans-serif\" font-size=\"12.7px\" letter-spacing=\"0px\" stroke-"
"width=\".265\" word-spacing=\"0px\" style=\"line-height:1.25\" xml:space=\"pre"
"serve\"><tspan x=\"6.4574871\" y=\"12.680363\" fill=\"#ffffff\" font-family=\""
"'Times New Roman'\" font-size=\"12.7px\" font-style=\"italic\" font-weight=\"b"
"old\" stroke-width=\".265\">i</tspan></text></g></svg>";
/*----------------------------------------------------------------------------*/
/**
 * @var    icon_up_svg
 * @brief  Up icon
 */
static const char *icon_up_svg = 
"<svg width=\"64\" height=\"64\" version=\"1.1\" viewBox=\"0 0 64 64\" xmlns=\""
"http://www.w3.org/2000/svg\" xmlns:xlink=\"http://www.w3.org/1999/xlink\"><def"
"s><linearGradient id=\"linearGradient1884\" x1=\"5\" x2=\"57\" y1=\"4.3314\" y"
"2=\"59.331\" gradientTransform=\"matrix(1 0 0 -1 0 63.331)\" gradientUnits=\"u"
"serSpaceOnUse\"><stop stop-color=\"#0055d4\" offset=\"0\"/><stop stop-color=\""
"#2ad4ff\" offset=\"1\"/></linearGradient></defs><g><path d=\"m23 58.331h18v-28"
"h16l-25-25-25 25h16v28\" fill=\"url(#linearGradient1884)\" stroke=\"#000\" str"
"oke-linecap=\"square\" stroke-width=\"1.6\"/></g></svg>";
/*----------------------------------------------------------------------------*/
/**
 * @var    icon_down_svg
 * @brief  Down icon
 */
static const char *icon_down_svg = 
"<svg width=\"64\" height=\"64\" version=\"1.1\" viewBox=\"0 0 64 64\" xmlns=\""
"http://www.w3.org/2000/svg\" xmlns:xlink=\"http://www.w3.org/1999/xlink\"><def"
"s><linearGradient id=\"linearGradient1884\" x1=\"5\" x2=\"57\" y1=\"59\" y2=\""
"4\" gradientUnits=\"userSpaceOnUse\"><stop stop-color=\"#0055d4\" offset=\"0\""
"/><stop stop-color=\"#2ad4ff\" offset=\"1\"/></linearGradient></defs><g><path "
"d=\"m23 5h18v28h16l-25 25-25-25h16v-28\" fill=\"url(#linearGradient1884)\" str"
"oke=\"#000\" stroke-linecap=\"square\" stroke-width=\"1.6\"/></g></svg>";
/*----------------------------------------------------------------------------*/
/**
 * @var    icon_floppy_size
 * @brief  Size of floppy icon
 *
 * @var    icon_floppy
 * @brief  Floppy icon
 */
static const int icon_floppy_size = 366;
static const unsigned char icon_floppy[] =
{
    0x89,0x50,0x4E,0x47,0x0D,0x0A,0x1A,0x0A,0x00,0x00,0x00,0x0D,0x49,0x48,0x44,
    0x52,0x00,0x00,0x00,0x10,0x00,0x00,0x00,0x0F,0x08,0x06,0x00,0x00,0x00,0xED,
    0x73,0x4F,0x2F,0x00,0x00,0x00,0x06,0x62,0x4B,0x47,0x44,0x00,0x00,0x00,0xFF,
    0x00,0xFF,0x6A,0xD9,0x60,0x1F,0x00,0x00,0x01,0x23,0x49,0x44,0x41,0x54,0x28,
    0xCF,0xA5,0x91,0xB1,0x4A,0xC3,0x50,0x18,0x85,0xBF,0x7B,0x4D,0xAA,0xB6,0xA5,
    0xA2,0x88,0x0E,0xC1,0x42,0xA0,0x81,0xBE,0x82,0x9D,0x9C,0xBA,0x57,0x41,0xA7,
    0x8E,0x3E,0x82,0xBB,0xB3,0xAF,0x90,0x17,0x70,0x73,0x12,0xB3,0x09,0x8E,0x52,
    0xB5,0x8B,0x3A,0x48,0x31,0xD0,0x2A,0x08,0x4A,0x15,0x45,0x49,0xD2,0xE6,0x3A,
    0xB4,0x50,0x8C,0x69,0x52,0xEB,0xD9,0xCE,0x7F,0xEF,0xFF,0x71,0xEF,0x39,0xA2,
    0x58,0x3C,0x38,0xAC,0xD5,0xCC,0x2E,0x80,0xEF,0xF7,0x03,0xD3,0x34,0x66,0x99,
    0x50,0xB6,0x7D,0x99,0xD7,0x2A,0x95,0x95,0x85,0x7A,0xDD,0xDC,0x01,0xD0,0x75,
    0xFD,0xDE,0xB2,0xAC,0x82,0x10,0x22,0x4C,0x5B,0x56,0x4A,0x49,0xD7,0x7D,0x3D,
    0xD7,0xA2,0x07,0x41,0x10,0x3C,0x87,0x61,0xD8,0x4B,0x03,0x48,0x29,0x67,0x72,
    0xB9,0x4C,0x57,0x6B,0x34,0x5E,0x96,0x1D,0xE7,0xE1,0x04,0xC0,0xF3,0x42,0xBF,
    0x54,0xEA,0x67,0x26,0xFD,0x82,0xE3,0xB4,0x0C,0x01,0xFB,0xEF,0x40,0x9E,0xE9,
    0xF4,0x26,0xF9,0xA7,0xB4,0x04,0xF8,0x2D,0x5C,0xDB,0xA0,0x09,0x28,0xEF,0x42,
    0xA1,0xFC,0x17,0x80,0x82,0xD3,0x3D,0x68,0x1E,0x0F,0xAC,0xDB,0x82,0xED,0x23,
    0x40,0xFC,0x0A,0x73,0x0C,0xA0,0x07,0x37,0xED,0x91,0xBD,0x6B,0x03,0x5E,0x6C,
    0x1B,0x63,0x00,0x3A,0x54,0x37,0x87,0xE1,0xCE,0x43,0x75,0x0B,0x98,0x8B,0xBB,
    0x98,0xD4,0x82,0x82,0xC7,0x33,0x50,0x3A,0x18,0xEB,0xF0,0xD9,0x81,0xEC,0x5A,
    0x34,0xA8,0x84,0x10,0x11,0xD0,0xFC,0x02,0xE1,0x81,0x21,0x62,0x96,0xD3,0x5A,
    0x00,0xF0,0xC4,0xE0,0x25,0x53,0xD5,0x08,0xB0,0x28,0x41,0x4B,0x05,0x5C,0x01,
    0xD9,0xC8,0xFC,0x09,0x58,0x85,0x8D,0xA5,0xA1,0xBF,0x18,0xCD,0x7E,0xE8,0xE3,
    0x1B,0xA7,0xB0,0x51,0xA1,0xCA,0x83,0x04,0x9E,0x00,0x00,0x00,0x00,0x49,0x45,
    0x4E,0x44,0xAE,0x42,0x60,0x82
};
/*----------------------------------------------------------------------------*/
/**
 * @var    icon_screen_size
 * @brief  Size of screen icon
 *
 * @var    icon_screen
 * @brief  Screen icon
 */
static const int icon_screen_size = 388;
static const unsigned char icon_screen[] =
{
    0x89,0x50,0x4E,0x47,0x0D,0x0A,0x1A,0x0A,0x00,0x00,0x00,0x0D,0x49,0x48,0x44,
    0x52,0x00,0x00,0x00,0x14,0x00,0x00,0x00,0x14,0x08,0x06,0x00,0x00,0x00,0x8D,
    0x89,0x1D,0x0D,0x00,0x00,0x00,0x06,0x62,0x4B,0x47,0x44,0x00,0x00,0x00,0xFF,
    0x00,0xFF,0x6A,0xD9,0x60,0x1F,0x00,0x00,0x01,0x39,0x49,0x44,0x41,0x54,0x38,
    0xCB,0xB5,0x93,0xBD,0x4A,0x43,0x41,0x10,0x85,0xCF,0x99,0xDD,0x35,0x3F,0xE4,
    0xE6,0x46,0xAE,0x8A,0xC4,0x88,0x36,0x06,0xC4,0xDA,0x4A,0x0B,0x1B,0xC1,0x07,
    0xB0,0x15,0x7C,0x0B,0xB1,0xB0,0x14,0x7C,0x29,0x5F,0xC0,0x46,0xAC,0x2C,0xEC,
    0x45,0x6C,0x94,0x80,0xE6,0xE6,0xDE,0xDD,0x1D,0x0B,0x45,0x14,0x94,0x04,0x5C,
    0x0F,0x2C,0xDB,0x2C,0xDF,0x9E,0x99,0x39,0x03,0x24,0x16,0xC5,0x98,0xF3,0xA8,
    0xEA,0x08,0x58,0x05,0x48,0x80,0x14,0x01,0xA0,0x80,0x92,0x10,0x81,0x82,0xAA,
    0xCA,0x48,0x8D,0x11,0x44,0xA0,0x75,0xD1,0x90,0x51,0x94,0xBE,0xD6,0x71,0x2D,
    0x11,0xDE,0x3A,0x0D,0x21,0x5A,0x0F,0x81,0x5C,0x25,0x34,0x78,0x2D,0x00,0x4C,
    0x42,0x60,0x43,0x84,0x88,0x09,0x81,0x2D,0x11,0x40,0x92,0x3A,0x34,0x92,0x74,
    0xC8,0x0D,0x09,0x4A,0x4D,0x08,0x74,0x42,0x4D,0xD7,0x43,0x02,0x14,0x23,0x08,
    0xC9,0x80,0x24,0x84,0x06,0x4C,0xE7,0x50,0x6B,0x09,0x31,0x1D,0x10,0x44,0x25,
    0x80,0x96,0xE9,0x4A,0x96,0xCA,0xE2,0x3D,0x87,0x67,0x1F,0x1B,0xC3,0x2F,0x07,
    0x33,0xDE,0x9F,0x43,0x35,0xA2,0x7E,0xA6,0x9F,0x45,0xE4,0x82,0xE4,0x7E,0xD6,
    0xC6,0x70,0xDA,0xDB,0x99,0xF6,0x58,0x0D,0x0B,0x00,0x3D,0xEF,0x79,0xA7,0x8A,
    0xD1,0x9F,0x81,0x58,0xCC,0x9F,0xD0,0x69,0xDD,0xE7,0xB9,0x7D,0x2E,0x47,0xD5,
    0x64,0x4A,0x16,0xBF,0xCB,0xDA,0x81,0x61,0x98,0x6B,0xD6,0xAE,0xCE,0x89,0xD8,
    0x83,0x09,0xAB,0x79,0xD1,0x29,0x26,0xE3,0xB2,0x1F,0xB5,0x2E,0x6B,0xD3,0xB8,
    0xC9,0xB2,0xEC,0xB1,0x7A,0xB8,0xD5,0xCA,0x53,0x9A,0xD6,0xAD,0xBC,0xBC,0x96,
    0x97,0x3F,0xD2,0xB7,0x86,0xDD,0xEE,0x72,0x7F,0x61,0xBB,0xC8,0x3B,0x27,0x6B,
    0x4B,0xED,0x9D,0xC3,0x83,0x81,0xFB,0xCD,0xC9,0xD1,0x6E,0x66,0x36,0xD7,0xE7,
    0x37,0x4E,0x8F,0xF7,0x88,0xFF,0xD4,0x1B,0x82,0x8E,0x5F,0xE8,0x1B,0x8F,0xDA,
    0x81,0x00,0x00,0x00,0x00,0x49,0x45,0x4E,0x44,0xAE,0x42,0x60,0x82
};
/*----------------------------------------------------------------------------*/
/**
 * @var    setting_svg
 * @brief  Setting icon
 */
static const char *setting_svg = 
"<svg width=\"120\" height=\"120\" version=\"1.1\" viewBox=\"0 0 31.75 31.75\" "
"xmlns=\"http://www.w3.org/2000/svg\" xmlns:xlink=\"http://www.w3.org/1999/xlin"
"k\"><defs><linearGradient id=\"linearGradient1125\" x1=\"5.6014\" x2=\"114.4\""
" y1=\"59.988\" y2=\"59.988\" gradientUnits=\"userSpaceOnUse\"><stop stop-color"
"=\"#808080\" offset=\"0\"/><stop stop-color=\"#ececec\" offset=\"1\"/></linear"
"Gradient></defs><g stroke=\"#000\"><g fill=\"none\"><circle cx=\"15.875\" cy="
"\"15.875\" r=\"14.552\" display=\"none\" stroke-linecap=\"round\" stroke-linej"
"oin=\"bevel\" stroke-width=\".13229\" style=\"paint-order:stroke fill markers"
"\"/><g><circle cx=\"15.875\" cy=\"15.875\" r=\"10.524\" display=\"none\" strok"
"e-linecap=\"round\" stroke-linejoin=\"bevel\" stroke-width=\".26458\" style=\""
"paint-order:stroke fill markers\"/><circle cx=\"15.875\" cy=\"15.875\" r=\"5.9"
"801\" stroke-linecap=\"round\" stroke-linejoin=\"round\" stroke-width=\"1.3229"
"\" style=\"paint-order:stroke fill markers\"/><path d=\"m7.3629 4.1127s-2.058 "
"1.3096-3.3676 3.3676l2.6192 3.3676-0.79375 2.1167-4.2333 0.52917c-0.52917 2.38"
"12 0 4.7625 0 4.7625l4.2333 0.52917 0.79375 2.3812-2.6458 3.175c1.3096 2.058 3"
".3676 3.3676 3.3676 3.3676l3.247-2.5738 2.3813 0.79375 0.52917 4.2333c2.3812 0"
".52917 4.7625 0 4.7625 0l0.52917-4.2333 2.3812-0.79375 3.2204 2.5019s2.058-1.3"
"096 3.3676-3.3676l-2.6192-3.103 0.79375-2.3812 4.2333-0.52917c0.52917-2.3812 0"
"-4.7625 0-4.7625l-4.2333-0.52917-0.79375-2.3812 2.6458-3.175c-1.3096-2.058-3.3"
"676-3.3676-3.3676-3.3676l-3.247 2.5738-2.3812-0.79375-0.52917-4.2333c-2.3812-0"
".52917-4.7625 0-4.7625 0l-0.52917 4.2333-2.3812 0.79375z\" stroke-width=\"1.32"
"29\"/></g></g><path transform=\"scale(.26458)\" d=\"m55.087 114.08c-0.7578-0.0"
"93-1.8699-0.26671-2.4714-0.38611l-1.0936-0.21709-0.98531-7.9056c-0.54192-4.348"
"1-1.0208-7.9367-1.0641-7.9747-0.04334-0.038-2.2266-0.7825-4.8518-1.6545l-4.773"
"-1.5854-12.153 9.6552-0.55247-0.39289c-3.4309-2.4399-7.6535-6.4989-9.9622-9.57"
"65-1.21-1.613-1.4148-1.9788-1.2352-2.207 0.11834-0.15049 2.3499-2.8399 4.959-5"
".9764l4.7438-5.7027-1.6207-4.8623c-0.89141-2.6743-1.6509-4.8623-1.6877-4.8623-"
"0.47348 0-15.71-1.9594-15.78-2.0292-0.19596-0.19596-0.54586-2.9178-0.74832-5.8"
"212-0.15964-2.2893-0.15995-3.6342-0.00133-5.7452 0.19477-2.5921 0.54614-5.0313"
" 0.75483-5.24 0.051117-0.05112 3.6232-0.535 7.9381-1.0753 4.3148-0.5403 7.8713"
"-1.0076 7.9033-1.0385 0.17898-0.1726 3.21-8.4992 3.1498-8.6529-0.03974-0.1015-"
"2.2296-2.9577-4.8663-6.3472s-4.794-6.2149-4.794-6.2788c0-0.21103 2.4702-3.4103"
" 3.6766-4.7616 1.5001-1.6804 4.4251-4.3318 6.5036-5.8952 0.88359-0.66464 1.657"
"2-1.2084 1.7191-1.2084 0.06189 0 2.7709 2.0683 6.02 4.5962 3.2491 2.5279 6.015"
"5 4.5962 6.1474 4.5962 0.36496 0 9.4193-3.0383 9.5234-3.1957 0.05-0.07562 0.51"
"933-3.6235 1.0429-7.8843 0.52361-4.2607 1.0008-7.8035 1.0605-7.8729 0.24924-0."
"28976 3.8745-0.69347 7.1042-0.79114 3.5103-0.10616 6.8906 0.096872 8.8174 0.52"
"96l0.96865 0.21753 0.98547 7.9023c0.54201 4.3462 1.0209 7.9334 1.0643 7.9714 0"
".04334 0.03799 2.2266 0.78192 4.8518 1.6532l4.773 1.5841 12.161-9.6524 0.72536"
" 0.5314c3.6354 2.6633 7.5193 6.4093 9.7853 9.4378 1.2068 1.6128 1.411 1.9788 1"
".2315 2.207-0.11835 0.15049-2.3499 2.8399-4.959 5.9764l-4.7438 5.7027 1.6207 4"
".8623c0.89141 2.6743 1.7136 4.8632 1.827 4.8642 0.59371 0.0053 15.558 1.9446 1"
"5.641 2.0268 0.19645 0.19645 0.54618 2.9153 0.74885 5.8217 0.15964 2.2893 0.15"
"995 3.6342 1e-3 5.7452-0.19465 2.5905-0.54612 5.0313-0.7545 5.2396-0.0794 0.07"
"937-15.062 2.0174-15.636 2.0225-0.11344 0.0011-0.93479 2.1875-1.8252 4.8588l-1"
".619 4.857 4.654 5.5287c2.5597 3.0408 4.762 5.6667 4.8941 5.8354 0.21163 0.270"
"39 0.11915 0.47468-0.78072 1.7245-2.2682 3.1503-5.6744 6.5626-9.2189 9.2355-1."
"0526 0.79374-1.708 1.1782-1.8562 1.089-0.12599-0.0759-2.8576-2.1765-6.0703-4.6"
"68l-5.8408-4.53-4.7654 1.5855c-2.6209 0.87202-4.8063 1.6474-4.8563 1.723-0.05 "
"0.07561-0.51933 3.6235-1.0429 7.8843-0.52361 4.2607-1.0034 7.8061-1.0663 7.878"
"6-0.47619 0.5497-10.247 1.0251-13.32 0.64812zm9.5979-31.367c9.36-2.0315 16.465"
"-9.3522 18.136-18.688 0.38464-2.1483 0.39251-5.9121 0.01676-8.011-1.7951-10.02"
"7-9.6815-17.559-19.901-19.008-1.8418-0.26105-5.7931-0.11405-7.6215 0.28353-9.3"
"818 2.0401-16.477 9.3586-18.153 18.724-0.37508 2.0964-0.37508 5.8792 0 7.9756 "
"1.5779 8.8193 8.2477 16.136 16.761 18.386 3.1192 0.82449 7.8353 0.97233 10.761"
" 0.33734z\" fill=\"url(#linearGradient1125)\" stroke-width=\".17764\" style=\""
"paint-order:stroke fill markers\"/></g></svg>";
/*----------------------------------------------------------------------------*/
/**
 * @var    icon_exit_size
 * @brief  Size of quit icon
 *
 * @var    icon_exit
 * @brief  Quit icon
 */
static const int icon_exit_size = 685;
static const unsigned char icon_exit[] =
{
    0x89,0x50,0x4E,0x47,0x0D,0x0A,0x1A,0x0A,0x00,0x00,0x00,0x0D,0x49,0x48,0x44,
    0x52,0x00,0x00,0x00,0x14,0x00,0x00,0x00,0x14,0x08,0x06,0x00,0x00,0x00,0x8D,
    0x89,0x1D,0x0D,0x00,0x00,0x00,0x06,0x62,0x4B,0x47,0x44,0x00,0x00,0x00,0xFF,
    0x00,0xFF,0x6A,0xD9,0x60,0x1F,0x00,0x00,0x02,0x62,0x49,0x44,0x41,0x54,0x38,
    0xCB,0xED,0x94,0xCB,0x6F,0x4D,0x51,0x14,0xC6,0x7F,0x6B,0xEF,0x7D,0x9C,0xDB,
    0x97,0xB8,0xAA,0x45,0xBD,0x1A,0x12,0x45,0x34,0xC4,0x23,0x82,0xC4,0x88,0x48,
    0xA4,0x91,0x48,0x84,0x08,0xF1,0x17,0x30,0x10,0x21,0x31,0x90,0x90,0x88,0x54,
    0x8C,0x0C,0x0C,0x18,0x37,0xE9,0xCC,0xC0,0x44,0x53,0x15,0x89,0x84,0xC4,0xC0,
    0x33,0x44,0xD0,0x12,0xA1,0x28,0x55,0xB7,0xF7,0xB6,0x3D,0xBD,0xE7,0x9E,0xB3,
    0x97,0xC1,0xBD,0xDA,0xD0,0x1A,0x99,0x76,0x25,0x7B,0xB2,0xD7,0xFA,0xBE,0xB5,
    0xF6,0xF7,0xED,0xBD,0x61,0x26,0xFE,0x37,0xC4,0xB4,0x2F,0xDB,0xE3,0x53,0xB3,
    0x0C,0xC5,0x57,0xF6,0x14,0xAB,0xB1,0x08,0x8A,0x4E,0x0F,0x52,0x10,0x61,0x4A,
    0x36,0x40,0xF8,0xE4,0x40,0xCE,0x34,0xD6,0x25,0xF5,0x19,0xAB,0x3F,0x00,0x4A,
    0x9E,0x70,0x60,0x34,0x58,0xE7,0x95,0x59,0x4C,0x05,0x29,0x8A,0x41,0x40,0x15,
    0x90,0x3F,0xF2,0x82,0x72,0xCF,0x59,0xD1,0xEF,0xC7,0x37,0x0F,0x76,0x9C,0xD8,
    0x12,0xF5,0x26,0x1E,0xE9,0xEA,0x35,0xF5,0x47,0x6F,0x2E,0xBD,0x10,0x27,0x32,
    0x17,0x21,0xF9,0x8B,0xD0,0x64,0x02,0x1D,0x3C,0xB7,0xE3,0xCB,0xE5,0x6B,0x4F,
    0xE6,0xB5,0xBD,0x1F,0x0C,0xDB,0x30,0x44,0x88,0x8E,0x03,0xB5,0x40,0xCE,0x01,
    0x0C,0x45,0xB6,0xFA,0xE9,0x57,0x6A,0x52,0x45,0xFA,0x0B,0x41,0x35,0x20,0x95,
    0xE9,0x0C,0x4C,0x48,0x51,0x66,0x14,0x4D,0xD7,0xCF,0x2F,0xE6,0x76,0x36,0xE7,
    0xEF,0xDF,0xB7,0xB5,0x23,0xCE,0x90,0x3E,0x1F,0xA8,0xDA,0x87,0xA8,0x52,0x01,
    0x60,0x05,0x1F,0x3A,0x34,0xB4,0x78,0x67,0xD4,0x97,0x8F,0x26,0x21,0x00,0x5E,
    0x32,0x78,0xC9,0xA0,0x38,0x40,0xC7,0x22,0xBB,0xEA,0xD4,0x9D,0x05,0x7B,0xAF,
    0xEF,0x2E,0x3C,0xAE,0x0B,0xD3,0x42,0x75,0xE0,0x47,0xB7,0x2E,0x1E,0xE9,0x40,
    0x09,0x01,0x71,0xD3,0x89,0x9E,0x7A,0x32,0x4B,0xB3,0xC5,0xBB,0x87,0xD7,0xE6,
    0x6E,0x75,0xF5,0xD5,0x6D,0xAA,0x72,0x3E,0x7A,0x97,0x0B,0x57,0x47,0x25,0x99,
    0xDD,0xD2,0x54,0xBC,0xD1,0xDA,0x18,0xF5,0x75,0x7F,0x20,0x7B,0x64,0xED,0xF0,
    0xC3,0x93,0x3D,0x0B,0xCF,0x36,0xD5,0x96,0x5E,0x20,0x14,0xFF,0x49,0x28,0x42,
    0x92,0x1B,0xB7,0x4D,0xDD,0x7D,0xB5,0xEB,0xFB,0x0B,0xC1,0x72,0x6B,0x34,0x1E,
    0x89,0x4D,0x7D,0xE2,0x25,0xF3,0xA9,0x10,0x34,0xBF,0x1E,0x0A,0x37,0x74,0xBE,
    0xCC,0x56,0x8D,0x9E,0xFC,0x70,0xEC,0xF6,0xFB,0x7C,0xE7,0xCD,0x57,0x73,0x4E,
    0x63,0x35,0x01,0xFC,0xB4,0x84,0x46,0x48,0xF2,0x91,0x6B,0x79,0x14,0xB9,0x95,
    0x93,0x5D,0xCA,0x80,0xCF,0xF1,0xAC,0x25,0x62,0x75,0xF8,0xE0,0x9A,0x9F,0x57,
    0xB7,0x77,0x34,0xEE,0x0F,0x9D,0x8F,0x01,0xC5,0x4B,0x8D,0x18,0x2D,0x6B,0x58,
    0xF6,0x1C,0x15,0xA9,0xD8,0x01,0x82,0x68,0x11,0xA3,0xD1,0xC4,0x12,0x4A,0x08,
    0x29,0xA2,0xF1,0xBC,0xAA,0xE4,0x4D,0x7F,0x3E,0x68,0x78,0xF0,0xB1,0xE6,0xD0,
    0xB6,0xC5,0x63,0x6F,0x0F,0xB4,0xFE,0xBC,0xB8,0x6B,0x45,0xFE,0x8A,0x2A,0xCE,
    0x21,0xF8,0x45,0xB3,0x4B,0xF9,0x8D,0x0D,0x0C,0x03,0xE4,0xC6,0x63,0x27,0x90,
    0x54,0xDC,0x4D,0xA7,0x93,0x58,0x15,0x62,0x2F,0x16,0x15,0x77,0xE9,0x41,0xE3,
    0xA9,0xC0,0xE8,0xA8,0x22,0x75,0x08,0xCF,0xC4,0xB4,0x37,0xF7,0x34,0x54,0xA7,
    0xD9,0x8C,0xF3,0x43,0x00,0x89,0x97,0xF0,0xCB,0xC8,0x3F,0x2F,0x36,0x80,0x58,
    0xA3,0x91,0x15,0x8A,0x71,0x2A,0xD9,0x4A,0x63,0x01,0x32,0x40,0x8F,0x03,0xCE,
    0x0F,0xE4,0x82,0x25,0xA8,0xFC,0xD6,0x4A,0x25,0xF0,0x63,0x46,0x26,0x0A,0xA7,
    0xBC,0xBC,0xD4,0x8B,0x49,0x15,0x63,0x8D,0x26,0x3A,0x59,0x63,0x81,0x6F,0x33,
    0xBF,0xD9,0xFF,0xC7,0x2F,0x58,0x4E,0x09,0x7E,0xBC,0xE5,0xAF,0x10,0x00,0x00,
    0x00,0x00,0x49,0x45,0x4E,0x44,0xAE,0x42,0x60,0x82
};
/*----------------------------------------------------------------------------*/
/**
 * @var    image_screen_1_size
 * @brief  Size of top part of monitor screen
 *
 * @var    image_screen_1
 * @brief  Top part of monitor screen
 */
static const int image_screen_1_size = 155;
static const unsigned char image_screen_1[] =
{
    0x89,0x50,0x4E,0x47,0x0D,0x0A,0x1A,0x0A,0x00,0x00,0x00,0x0D,0x49,0x48,0x44,
    0x52,0x00,0x00,0x00,0x98,0x00,0x00,0x00,0x07,0x08,0x06,0x00,0x00,0x00,0xF4,
    0xF2,0x84,0xB7,0x00,0x00,0x00,0x06,0x62,0x4B,0x47,0x44,0x00,0x00,0x00,0xFF,
    0x00,0xFF,0x6A,0xD9,0x60,0x1F,0x00,0x00,0x00,0x50,0x49,0x44,0x41,0x54,0x58,
    0xC3,0xED,0xD2,0xB1,0x0D,0xC0,0x30,0x08,0x05,0xD1,0xEF,0xC8,0x53,0x30,0x1A,
    0xCC,0x07,0xA3,0xB1,0x46,0x52,0xA5,0x4B,0xA4,0x14,0x76,0x11,0xE9,0x5E,0x07,
    0x74,0x27,0x24,0x60,0xA3,0x21,0x49,0x55,0x75,0x92,0x02,0xAB,0xB9,0xFB,0x98,
    0xF7,0x60,0x66,0x14,0xC1,0x32,0xDD,0x2D,0x49,0x3A,0x48,0x81,0x9D,0x78,0x30,
    0xF0,0x60,0xF8,0xAF,0xF9,0x76,0xC8,0x4C,0xEA,0xE0,0xB3,0x88,0x78,0xDC,0x5F,
    0xE0,0x07,0x0A,0x10,0xA7,0xD6,0xF4,0x15,0x00,0x00,0x00,0x00,0x49,0x45,0x4E,
    0x44,0xAE,0x42,0x60,0x82
};
/*----------------------------------------------------------------------------*/
/**
 * @var    image_screen_2_size
 * @brief  Size of middle part of monitor screen
 *
 * @var    image_screen_2
 * @brief  Middle part of monitor screen
 */
static const int image_screen_2_size = 127;
static const unsigned char image_screen_2[] =
{
    0x89,0x50,0x4E,0x47,0x0D,0x0A,0x1A,0x0A,0x00,0x00,0x00,0x0D,0x49,0x48,0x44,
    0x52,0x00,0x00,0x00,0x98,0x00,0x00,0x00,0x01,0x08,0x06,0x00,0x00,0x00,0x22,
    0xAB,0x67,0xAA,0x00,0x00,0x00,0x06,0x62,0x4B,0x47,0x44,0x00,0x00,0x00,0xFF,
    0x00,0xFF,0x6A,0xD9,0x60,0x1F,0x00,0x00,0x00,0x34,0x49,0x44,0x41,0x54,0x28,
    0xCF,0xED,0xC8,0x31,0x01,0x00,0x20,0x08,0x00,0xC1,0xB7,0x06,0xD1,0x60,0x26,
    0x15,0x33,0x44,0xA3,0x86,0xAE,0x3A,0x59,0x80,0x1B,0x6F,0x01,0x54,0xD5,0x16,
    0x11,0x6E,0x99,0x49,0x44,0x30,0xC6,0x8F,0xBB,0x63,0x66,0xCF,0x75,0x37,0xAA,
    0xBA,0x0E,0x79,0x62,0x0D,0x02,0xBD,0x54,0x45,0x83,0x00,0x00,0x00,0x00,0x49,
    0x45,0x4E,0x44,0xAE,0x42,0x60,0x82
};
/*----------------------------------------------------------------------------*/
/**
 * @var    image_screen3_size
 * @brief  Size of bottom part of monitor screen
 *
 * @var    image_screen_3
 * @brief  Bottom part of monitor screen
 */
static const int image_screen3_size = 2158;
static const unsigned char image_screen_3[] =
{
    0x89,0x50,0x4E,0x47,0x0D,0x0A,0x1A,0x0A,0x00,0x00,0x00,0x0D,0x49,0x48,0x44,
    0x52,0x00,0x00,0x00,0x98,0x00,0x00,0x00,0x2D,0x08,0x06,0x00,0x00,0x00,0x52,
    0xC5,0xA2,0xE7,0x00,0x00,0x00,0x06,0x62,0x4B,0x47,0x44,0x00,0x00,0x00,0xFF,
    0x00,0xFF,0x6A,0xD9,0x60,0x1F,0x00,0x00,0x08,0x23,0x49,0x44,0x41,0x54,0x78,
    0xDA,0xED,0x5C,0xBB,0x6E,0x14,0x49,0x14,0x3D,0x55,0xFD,0x9E,0x1E,0xDC,0x63,
    0x64,0xB0,0x00,0x27,0x44,0x84,0x48,0x16,0x84,0x04,0x7C,0x02,0x29,0x04,0x04,
    0x6C,0x48,0xC2,0x17,0x00,0x01,0x21,0x19,0x29,0x32,0x04,0x58,0x22,0x22,0x21,
    0x20,0x03,0x11,0x90,0x22,0x08,0xB0,0x64,0x12,0x8B,0xC0,0xC8,0x36,0x58,0x33,
    0x9E,0x47,0x3F,0xAB,0x6B,0x93,0xBD,0xB5,0x35,0x45,0xCF,0xD8,0xEC,0xB2,0xEC,
    0x2E,0x5D,0x47,0x6A,0x75,0x4F,0x4F,0xBF,0xEB,0xF4,0xB9,0xE7,0xD6,0xA3,0x19,
    0x00,0xAC,0xAF,0xAF,0xCB,0xD3,0xA7,0x4F,0x43,0xC7,0x93,0x27,0x4F,0x60,0x61,
    0x71,0x54,0x5C,0xBB,0x76,0x6D,0xEA,0xF7,0xF6,0xF6,0x36,0xAE,0x5E,0xBD,0xCA,
    0xDC,0xA3,0xEE,0x60,0x61,0xF1,0x57,0xC0,0xED,0x23,0xB0,0xB0,0x04,0xB3,0xB0,
    0x04,0xB3,0xB0,0xB0,0x04,0xB3,0xF8,0xE9,0x70,0x75,0xD7,0x6F,0x61,0xF1,0xA3,
    0xC1,0xDA,0x76,0xC3,0xA7,0x4E,0x9D,0x92,0x3B,0x3B,0x3B,0x70,0x1C,0x47,0xAD,
    0x93,0x52,0x42,0x4A,0x09,0xCE,0x39,0xA4,0x94,0x60,0x8C,0x81,0x31,0xD6,0xB8,
    0xFC,0xCD,0x03,0xFC,0xE3,0x7F,0xFD,0x58,0x8E,0xE3,0xA0,0xAE,0x6B,0x70,0xCE,
    0xD5,0x7F,0x75,0x5D,0xE3,0xDE,0xBD,0x7B,0xB8,0x75,0xEB,0x56,0xAB,0x9E,0xB9,
    0xDB,0x3A,0x4F,0xC0,0x39,0xEA,0xBA,0x9E,0x22,0x04,0xCD,0x85,0x10,0x87,0xBF,
    0x91,0x1A,0xD9,0xF4,0x79,0xD3,0x36,0xDF,0x3C,0x6C,0xB7,0x75,0x8F,0xBB,0x9D,
    0x04,0x63,0x8C,0x81,0x73,0xDE,0x48,0x32,0x9A,0x93,0x9A,0xE9,0xEB,0x69,0xD9,
    0x54,0xB7,0x59,0xE7,0x31,0x8F,0x69,0x09,0xD6,0x06,0x4F,0xF0,0x07,0xB9,0x88,
    0x24,0x26,0x99,0x9A,0x54,0x4A,0x5F,0xAF,0xCF,0x75,0x02,0x99,0x44,0x33,0xC3,
    0x6B,0xEB,0x4D,0x7E,0x5B,0xE0,0x79,0x5E,0xA3,0x9F,0xD2,0xC9,0x63,0x2A,0x97,
    0xBE,0xED,0x2C,0xC5,0x9A,0x15,0x2E,0xF5,0x63,0x5A,0x05,0x6B,0x09,0xC1,0x4C,
    0x05,0x6B,0x0A,0x93,0x4D,0x5E,0xEA,0xA8,0x5E,0x4B,0x27,0xA2,0x9E,0x38,0xE8,
    0x89,0x85,0x25,0xD8,0x2F,0x4C,0x30,0xD3,0x2B,0xE9,0xE4,0x9A,0x17,0xF2,0x9A,
    0x54,0x6B,0xDE,0x6F,0x33,0xA4,0x5A,0x05,0x6B,0xC3,0x0D,0xBB,0xEE,0x14,0x89,
    0xEA,0xBA,0x6E,0x24,0x16,0xCD,0xFF,0x8A,0x7F,0x9A,0xE5,0xD1,0xF4,0xC4,0xC2,
    0x12,0xEC,0x17,0xCE,0x22,0xE7,0x79,0xAF,0x79,0x21,0xB3,0x49,0xAD,0x9A,0x3C,
    0x99,0xE9,0xF1,0xE8,0xD8,0x6D,0x24,0x18,0x6F,0x3B,0xC1,0xE6,0x91,0xE7,0x30,
    0x95,0x32,0x49,0x39,0xCF,0xF8,0xCF,0xAB,0xD2,0xB0,0x0A,0xF6,0x8B,0x55,0x53,
    0x10,0x29,0xF4,0xC9,0xF4,0x60,0x47,0xF5,0x57,0x4D,0xAA,0x65,0x26,0x06,0x6D,
    0x36,0xF9,0xAD,0x55,0x30,0xAA,0xCD,0x27,0x0F,0xF6,0x23,0x88,0x3B,0xAF,0x2A,
    0x83,0x31,0x66,0x4D,0x7E,0x5B,0x14,0x8C,0xDA,0x09,0xF5,0x26,0x23,0x7D,0xF9,
    0x28,0x61,0xB2,0x49,0xE1,0x9A,0x48,0xA6,0x7B,0x35,0x1B,0x22,0x5B,0x42,0x30,
    0x3D,0x74,0x1D,0x16,0x0A,0xBF,0x07,0x3A,0x99,0x4C,0xC2,0x51,0x23,0xB8,0x0D,
    0x91,0x2D,0xC1,0xAC,0x76,0xC6,0xBF,0x13,0x1A,0x67,0x1D,0x5B,0x6F,0x92,0xB2,
    0x0A,0xD6,0x12,0x05,0x33,0x4D,0xFF,0xDF,0x25,0xEA,0xBC,0xF5,0xB4,0x6C,0x09,
    0xD6,0x32,0x05,0xFB,0x99,0x8D,0xD0,0x36,0x8B,0xB4,0xF8,0x47,0x43,0xB1,0x25,
    0x58,0x4B,0x43,0xE4,0x4F,0x0D,0x17,0x2D,0xAC,0xA6,0x68,0x1D,0xC1,0x48,0x45,
    0xFE,0x8D,0x3E,0x5A,0x96,0x60,0x16,0xFF,0x98,0x6A,0xD6,0x75,0x8D,0xAF,0x5F,
    0xBF,0x5A,0x93,0xFF,0x5F,0xC1,0xDB,0xB7,0x6F,0x65,0x96,0x65,0xC8,0xF3,0x1C,
    0xE3,0xF1,0x18,0x8B,0x8B,0x8B,0x58,0x5A,0x5A,0x82,0x10,0xE2,0x9B,0x36,0xBE,
    0x34,0x4D,0xE1,0x38,0x0E,0xD2,0x34,0xC5,0xF2,0xF2,0x32,0xBA,0xDD,0xEE,0x37,
    0x46,0x5E,0x4A,0x89,0x67,0xCF,0x9E,0xE1,0xCE,0x9D,0x3B,0x3F,0x9D,0x5C,0xD4,
    0xDF,0x7F,0x6D,0x6D,0x0D,0xCF,0x9F,0x3F,0x97,0x17,0x2F,0x5E,0x44,0x9E,0xE7,
    0x8A,0x78,0x00,0x20,0x84,0x40,0xBF,0xDF,0xC7,0x60,0x30,0x00,0x00,0x74,0xBB,
    0x5D,0x38,0x8E,0x03,0x29,0xE5,0x54,0x25,0x30,0xE7,0x1C,0xDB,0xDB,0xDB,0x60,
    0x8C,0x21,0x0C,0x43,0x78,0x9E,0x87,0x38,0x8E,0x71,0xE1,0xC2,0x05,0x66,0x09,
    0x76,0x44,0x3C,0x7D,0xFA,0x54,0x3E,0x7A,0xF4,0x08,0x9E,0xE7,0x41,0x08,0x81,
    0x2C,0xCB,0x70,0xEE,0xDC,0x39,0x5C,0xBA,0x74,0x69,0x6A,0x60,0x86,0xDE,0xDC,
    0x43,0x35,0xE5,0x83,0xC1,0x00,0xC3,0xE1,0x70,0x6A,0x1B,0x21,0x04,0xAA,0xAA,
    0xC2,0x8B,0x17,0x2F,0xB0,0xB3,0xB3,0xF3,0xAF,0x98,0x7C,0x00,0x78,0xF5,0xEA,
    0x15,0x56,0x57,0x57,0xB1,0xB2,0xB2,0x82,0xAA,0xAA,0xE0,0xBA,0x2E,0xEA,0xBA,
    0x9E,0xBA,0x0F,0xCF,0xF3,0x50,0xD7,0x35,0xCA,0xB2,0x44,0x9A,0xA6,0x90,0x52,
    0xAA,0xE7,0x40,0xA3,0x95,0xDE,0xBC,0x79,0x83,0x7E,0xBF,0x0F,0xC7,0x71,0x14,
    0x49,0x5F,0xBE,0x7C,0x29,0x2F,0x5F,0xBE,0xCC,0x2C,0xC1,0x8E,0x80,0x77,0xEF,
    0xDE,0xC1,0x75,0x5D,0x95,0x79,0x05,0x41,0x80,0xB3,0x67,0xCF,0x42,0x4A,0x89,
    0x34,0x4D,0xE1,0xBA,0x2E,0x38,0xE7,0x4A,0xB9,0x48,0xC5,0x18,0x63,0x38,0x38,
    0x38,0x98,0xDA,0x66,0x34,0x1A,0xC1,0xF3,0x3C,0x4C,0x26,0x13,0xBC,0x7F,0xFF,
    0xFE,0xBB,0x95,0xE7,0x47,0xA2,0xDF,0xEF,0x63,0x73,0x73,0x13,0x9F,0x3E,0x7D,
    0x42,0x9A,0xA6,0xE0,0x9C,0x23,0x8E,0x63,0x64,0x59,0x86,0xBA,0xAE,0x11,0x86,
    0x21,0x8A,0xA2,0x80,0x10,0x02,0x51,0x14,0x21,0xCB,0x32,0x00,0x40,0x14,0x45,
    0x28,0xCB,0x12,0x55,0x55,0x21,0x49,0x12,0xAC,0xAC,0xAC,0x60,0x32,0x99,0xA8,
    0x7B,0x2F,0x8A,0x02,0xAF,0x5F,0xBF,0xB6,0x21,0xF2,0xA8,0xD8,0xDF,0xDF,0x47,
    0x10,0x04,0xAA,0xBD,0x30,0x0C,0x43,0x24,0x49,0x82,0xBD,0xBD,0x3D,0x4C,0x26,
    0x13,0x2C,0x2C,0x2C,0x40,0x08,0x81,0xF1,0x78,0x8C,0x38,0x8E,0x51,0x14,0x05,
    0x46,0xA3,0x11,0x3A,0x9D,0x0E,0xEA,0xBA,0xC6,0x60,0x30,0x40,0xA7,0xD3,0x01,
    0xE7,0x1C,0xC3,0xE1,0x10,0x41,0x10,0xC0,0xF3,0x3C,0x5C,0xB9,0x72,0x05,0x1B,
    0x1B,0x1B,0xE8,0xF7,0xFB,0x28,0x8A,0x02,0x79,0x9E,0xA3,0xAA,0x2A,0xD4,0x75,
    0x8D,0xAA,0xAA,0x54,0x86,0x59,0x55,0xD5,0xD4,0xA8,0x20,0x0A,0xC5,0xA4,0x34,
    0x74,0x5D,0xF4,0x02,0x08,0x21,0xA6,0x1A,0xB3,0x19,0x63,0xF0,0x7D,0x1F,0x9C,
    0x73,0x78,0x9E,0x87,0x30,0x0C,0xD1,0xE9,0x74,0xB0,0xBC,0xBC,0x8C,0xF3,0xE7,
    0xCF,0x63,0x32,0x99,0x60,0x34,0x1A,0xA1,0x2C,0x4B,0x94,0x65,0x89,0x3C,0xCF,
    0x51,0x14,0x05,0x16,0x16,0x16,0x90,0xE7,0x39,0xF2,0x3C,0x57,0xCB,0x69,0x9A,
    0xA2,0xD7,0xEB,0xA1,0xAA,0x2A,0x45,0x44,0xB2,0x00,0x74,0xAD,0x8E,0xE3,0xE0,
    0xF3,0xE7,0xCF,0x96,0x60,0x47,0xC1,0xFD,0xFB,0xF7,0xE5,0xC7,0x8F,0x1F,0x21,
    0xA5,0x44,0x55,0x55,0xC8,0xF3,0x1C,0x67,0xCE,0x9C,0x51,0x6F,0xB7,0xEB,0xBA,
    0x70,0x5D,0x17,0x42,0x08,0x04,0x41,0x00,0xC7,0x71,0xE0,0x79,0x1E,0xBA,0xDD,
    0x2E,0xA2,0x28,0x52,0x0F,0xDC,0xF7,0x7D,0x94,0x65,0xA9,0x06,0x5B,0x48,0x29,
    0xB1,0xBA,0xBA,0x8A,0x93,0x27,0x4F,0xE2,0xCB,0x97,0x2F,0x18,0x8F,0xC7,0x18,
    0x0E,0x87,0x10,0x42,0xA8,0x30,0x4C,0xCD,0x39,0x79,0x9E,0xAB,0xD0,0x54,0x96,
    0xA5,0x0A,0xBF,0x14,0x9E,0xF5,0x86,0x72,0xD7,0x75,0x15,0x21,0x69,0x40,0x09,
    0xE7,0x1C,0x51,0x14,0x29,0xF5,0x4D,0x92,0x04,0x49,0x92,0xE0,0xC4,0x89,0x13,
    0x58,0x5A,0x5A,0x82,0xEF,0xFB,0xE8,0xF5,0x7A,0x10,0x42,0x20,0x8E,0x63,0x30,
    0xC6,0x50,0x96,0x25,0x82,0x20,0x00,0x00,0x14,0x45,0xA1,0x96,0xF3,0x3C,0x87,
    0xEF,0xFB,0x00,0x80,0x34,0x4D,0x11,0x45,0x91,0xBA,0xD7,0xE1,0x70,0xA8,0xAE,
    0xAD,0xAA,0x2A,0x3C,0x7E,0xFC,0x58,0x5E,0xBF,0x7E,0x9D,0x59,0x82,0xCD,0xC1,
    0xD6,0xD6,0x96,0x2A,0x40,0x52,0x96,0x85,0x85,0x05,0x44,0x51,0x04,0xC6,0x18,
    0x7A,0xBD,0x1E,0x00,0x28,0xB5,0x22,0xEF,0xC2,0x39,0x57,0x6A,0x14,0x45,0x11,
    0x84,0x10,0x70,0x5D,0x17,0x8E,0xE3,0x40,0x4F,0x16,0xB2,0x2C,0xC3,0x68,0x34,
    0xC2,0x60,0x30,0xC0,0x64,0x32,0x41,0x96,0x65,0x4A,0x49,0xAA,0xAA,0x52,0x86,
    0x5C,0xEF,0x4E,0x6D,0xFA,0x29,0x73,0x04,0x38,0xA9,0x1D,0x63,0x0C,0x9E,0xE7,
    0xA9,0x84,0xC3,0xF7,0x7D,0xC4,0x71,0x0C,0xCE,0xB9,0x22,0x7C,0x96,0x65,0x70,
    0x5D,0x17,0x61,0x18,0x22,0x0C,0x43,0x38,0x8E,0xA3,0xC2,0xB9,0xDE,0xBB,0x56,
    0x0F,0xD1,0xB4,0x3E,0x49,0x12,0x45,0xEA,0x5E,0xAF,0x87,0xDD,0xDD,0x5D,0xF8,
    0xBE,0xAF,0x48,0xBD,0xB1,0xB1,0x61,0x15,0xEC,0x30,0x1C,0x1C,0x1C,0xC0,0xF3,
    0xBC,0xA9,0x5E,0x0F,0x49,0x92,0xA0,0x28,0x8A,0xA9,0x02,0x37,0x87,0x89,0x51,
    0x76,0x49,0x59,0x17,0x11,0x45,0xDF,0x8E,0x4C,0x74,0x18,0x86,0x48,0xD3,0x14,
    0x42,0x08,0xA5,0x58,0xA4,0x8A,0xFA,0xFE,0x7A,0x68,0x9C,0x35,0xCC,0x4D,0xAF,
    0x5F,0xE3,0x9C,0xC3,0x71,0x1C,0x45,0x9A,0x20,0x08,0x10,0x45,0x11,0xC2,0x30,
    0x54,0x2A,0x4A,0x93,0x10,0x02,0x65,0x59,0x4E,0x25,0x29,0x9C,0x73,0x45,0x56,
    0x73,0x60,0xB0,0x7E,0xAF,0x8E,0xE3,0x20,0x8E,0xE3,0xA9,0xB0,0x2E,0xA5,0xC4,
    0xDE,0xDE,0x9E,0x25,0xD8,0x61,0xD0,0x3D,0x16,0xA5,0xE9,0x9D,0x4E,0x47,0x85,
    0xB0,0x59,0xBD,0x20,0x74,0x62,0x50,0xE6,0x48,0xD9,0xA3,0xAE,0x50,0x55,0x55,
    0x29,0x15,0x20,0xFF,0x44,0xE7,0xD1,0xFB,0x8A,0xE9,0xE7,0xD2,0x15,0xAA,0x89,
    0x64,0xA4,0x38,0x64,0xBA,0x89,0x68,0xBA,0x2A,0xD1,0x4B,0x40,0xD7,0x41,0xE7,
    0xA0,0xF3,0x13,0xB9,0x9A,0xBE,0x75,0xA1,0x87,0x68,0x9A,0x07,0x41,0xA0,0x54,
    0x9E,0xAE,0x6F,0x34,0x1A,0x59,0x82,0xCD,0xC3,0xDD,0xBB,0x77,0xE5,0xE6,0xE6,
    0x26,0xCA,0xB2,0x54,0x21,0x8F,0x14,0x81,0x7C,0xD1,0x2C,0x05,0xD3,0x49,0x46,
    0x53,0x13,0xC1,0x9A,0x46,0x11,0x35,0x7D,0x4A,0x80,0xFE,0x37,0xD5,0xAB,0x69,
    0x99,0x8E,0x61,0xAA,0x90,0x7E,0x3D,0xFA,0xB5,0x14,0x45,0xA1,0xC8,0x5C,0xD7,
    0xF5,0x14,0xC1,0xE6,0x55,0x77,0xD0,0x3E,0xE4,0x3B,0x85,0x10,0x53,0x55,0x18,
    0x8C,0x31,0x3C,0x78,0xF0,0x40,0xDE,0xBC,0x79,0x93,0x59,0x82,0x35,0x80,0x2A,
    0x10,0xF5,0xF4,0x3B,0x8A,0x22,0xD4,0x75,0xAD,0xD2,0x77,0xBD,0x66,0xDC,0x7C,
    0xD3,0xF5,0x49,0x2F,0xD4,0xA6,0xF0,0x69,0x86,0xC1,0x26,0xD2,0x1C,0xD6,0x49,
    0x50,0xF7,0x62,0x3A,0xD1,0xF4,0x6B,0xD2,0xD5,0xB4,0x28,0x0A,0x95,0xBD,0x92,
    0x5F,0xA3,0x6D,0x74,0x92,0x37,0x75,0x56,0xD4,0xEF,0xB9,0xAA,0x2A,0xB5,0x2F,
    0x29,0x32,0x9D,0x7F,0x6B,0x6B,0xCB,0x2A,0xD8,0xBC,0xF0,0xA8,0x77,0xCE,0x23,
    0xC3,0xCE,0x18,0x43,0x9E,0xE7,0xEA,0x61,0xEB,0x21,0xAC,0x49,0xC5,0x28,0x1C,
    0xD1,0xA4,0x17,0x72,0xD3,0x60,0x0F,0x93,0x1C,0x4D,0x85,0x7B,0xD8,0xA0,0x5A,
    0x7D,0x7F,0x7D,0x5B,0x3A,0xB7,0x19,0xA6,0xC9,0x53,0xEA,0x26,0x5F,0x57,0x30,
    0x73,0xC4,0x92,0x49,0x7C,0xDF,0xF7,0xE1,0xBA,0x2E,0xD2,0x34,0x45,0x18,0x86,
    0xCA,0x8F,0xED,0xEE,0xEE,0x5A,0x82,0xCD,0x42,0x59,0x96,0x2A,0x2B,0xA2,0xDA,
    0x6C,0xCF,0xF3,0x90,0xE7,0xF9,0x94,0x7A,0xE9,0x04,0xD4,0xA1,0xAB,0x92,0xAE,
    0x1E,0x7A,0x5D,0x13,0x15,0x30,0x15,0x32,0x29,0x1C,0x1D,0x7F,0xDE,0xA7,0x03,
    0xBE,0xA7,0x92,0x56,0x3F,0xA6,0xE3,0x38,0x4A,0xB9,0xA8,0x42,0x98,0x6A,0xF2,
    0x5D,0xD7,0x55,0x99,0xA7,0xEE,0xC1,0x9A,0xC8,0x6E,0x66,0xAF,0x61,0x18,0x62,
    0x7F,0x7F,0x7F,0xEA,0x83,0x2E,0xF4,0x22,0x5A,0x82,0x19,0x58,0x5B,0x5B,0x93,
    0xEB,0xEB,0xEB,0xE8,0x74,0x3A,0xAA,0x70,0xD2,0x34,0xC5,0xEA,0xEA,0x2A,0x8E,
    0x1D,0x3B,0xA6,0x3C,0x98,0x5E,0xE8,0x44,0x30,0x3D,0x4B,0x34,0x49,0x46,0x3E,
    0xC5,0xF7,0x7D,0x74,0xBB,0x5D,0x2C,0x2E,0x2E,0x4E,0x91,0x4D,0xDF,0xCF,0xEC,
    0xAF,0xDF,0xA4,0x58,0xB3,0x3E,0x44,0x67,0x6E,0x4B,0x05,0xAE,0x93,0x88,0x26,
    0xF2,0x95,0xA4,0x5A,0x7A,0x72,0xD0,0xA4,0xA8,0x44,0x52,0x3D,0xE9,0xA0,0xFD,
    0x3E,0x7C,0xF8,0x80,0x28,0x8A,0xD4,0xF9,0xD2,0x34,0xC5,0xC3,0x87,0x0F,0xE5,
    0x8D,0x1B,0x37,0x98,0x25,0xD8,0x9F,0xB5,0xD1,0xBF,0xDD,0xBE,0x7D,0x1B,0x1B,
    0x1B,0x1B,0x88,0xE3,0x58,0xA9,0x4E,0x10,0x04,0x88,0xE3,0x18,0x49,0x92,0x60,
    0x3C,0x1E,0xAB,0xAC,0x4F,0x0F,0x95,0xE6,0xC7,0xE4,0xF4,0x70,0xA9,0x13,0xD0,
    0x54,0x05,0x93,0x30,0xE6,0xB8,0xC6,0xA6,0x10,0x3A,0xEF,0xDB,0x15,0xB3,0x12,
    0x0F,0xF3,0x78,0x4D,0xFF,0x9B,0xE4,0x34,0xAF,0x57,0xB7,0x0D,0x7A,0x22,0x71,
    0xFC,0xF8,0x71,0x04,0x41,0xA0,0xB6,0x23,0x12,0xB6,0xF9,0x73,0x51,0x16,0x16,
    0x16,0x16,0x16,0x16,0xFF,0x13,0xFC,0x0E,0x06,0x6E,0xEF,0x30,0xBD,0x4F,0x33,
    0xD3,0x00,0x00,0x00,0x00,0x49,0x45,0x4E,0x44,0xAE,0x42,0x60,0x82
};
/*----------------------------------------------------------------------------*/
/**
 * @var    image_about_size
 * @brief  Size of application about image
 *
 * @var    image_about
 * @brief  Application about image
 */
static const int image_about_size = 18264;
static const unsigned char image_about[] =
{
    0xFF,0xD8,0xFF,0xE0,0x00,0x10,0x4A,0x46,0x49,0x46,0x00,0x01,0x01,0x02,0x00,
    0x1C,0x00,0x1C,0x00,0x00,0xFF,0xFE,0x00,0x13,0x43,0x72,0x65,0x61,0x74,0x65,
    0x64,0x20,0x77,0x69,0x74,0x68,0x20,0x47,0x49,0x4D,0x50,0xFF,0xE2,0x02,0xB0,
    0x49,0x43,0x43,0x5F,0x50,0x52,0x4F,0x46,0x49,0x4C,0x45,0x00,0x01,0x01,0x00,
    0x00,0x02,0xA0,0x6C,0x63,0x6D,0x73,0x04,0x30,0x00,0x00,0x6D,0x6E,0x74,0x72,
    0x52,0x47,0x42,0x20,0x58,0x59,0x5A,0x20,0x07,0xE4,0x00,0x0A,0x00,0x0E,0x00,
    0x0C,0x00,0x10,0x00,0x22,0x61,0x63,0x73,0x70,0x41,0x50,0x50,0x4C,0x00,0x00,
    0x00,0x00,0x00,0x00,0x00,0x00,0x00,0x00,0x00,0x00,0x00,0x00,0x00,0x00,0x00,
    0x00,0x00,0x00,0x00,0x00,0x00,0x00,0x00,0x00,0xF6,0xD6,0x00,0x01,0x00,0x00,
    0x00,0x00,0xD3,0x2D,0x6C,0x63,0x6D,0x73,0x00,0x00,0x00,0x00,0x00,0x00,0x00,
    0x00,0x00,0x00,0x00,0x00,0x00,0x00,0x00,0x00,0x00,0x00,0x00,0x00,0x00,0x00,
    0x00,0x00,0x00,0x00,0x00,0x00,0x00,0x00,0x00,0x00,0x00,0x00,0x00,0x00,0x00,
    0x00,0x00,0x00,0x00,0x00,0x00,0x00,0x00,0x00,0x00,0x0D,0x64,0x65,0x73,0x63,
    0x00,0x00,0x01,0x20,0x00,0x00,0x00,0x40,0x63,0x70,0x72,0x74,0x00,0x00,0x01,
    0x60,0x00,0x00,0x00,0x36,0x77,0x74,0x70,0x74,0x00,0x00,0x01,0x98,0x00,0x00,
    0x00,0x14,0x63,0x68,0x61,0x64,0x00,0x00,0x01,0xAC,0x00,0x00,0x00,0x2C,0x72,
    0x58,0x59,0x5A,0x00,0x00,0x01,0xD8,0x00,0x00,0x00,0x14,0x62,0x58,0x59,0x5A,
    0x00,0x00,0x01,0xEC,0x00,0x00,0x00,0x14,0x67,0x58,0x59,0x5A,0x00,0x00,0x02,
    0x00,0x00,0x00,0x00,0x14,0x72,0x54,0x52,0x43,0x00,0x00,0x02,0x14,0x00,0x00,
    0x00,0x20,0x67,0x54,0x52,0x43,0x00,0x00,0x02,0x14,0x00,0x00,0x00,0x20,0x62,
    0x54,0x52,0x43,0x00,0x00,0x02,0x14,0x00,0x00,0x00,0x20,0x63,0x68,0x72,0x6D,
    0x00,0x00,0x02,0x34,0x00,0x00,0x00,0x24,0x64,0x6D,0x6E,0x64,0x00,0x00,0x02,
    0x58,0x00,0x00,0x00,0x24,0x64,0x6D,0x64,0x64,0x00,0x00,0x02,0x7C,0x00,0x00,
    0x00,0x24,0x6D,0x6C,0x75,0x63,0x00,0x00,0x00,0x00,0x00,0x00,0x00,0x01,0x00,
    0x00,0x00,0x0C,0x65,0x6E,0x55,0x53,0x00,0x00,0x00,0x24,0x00,0x00,0x00,0x1C,
    0x00,0x47,0x00,0x49,0x00,0x4D,0x00,0x50,0x00,0x20,0x00,0x62,0x00,0x75,0x00,
    0x69,0x00,0x6C,0x00,0x74,0x00,0x2D,0x00,0x69,0x00,0x6E,0x00,0x20,0x00,0x73,
    0x00,0x52,0x00,0x47,0x00,0x42,0x6D,0x6C,0x75,0x63,0x00,0x00,0x00,0x00,0x00,
    0x00,0x00,0x01,0x00,0x00,0x00,0x0C,0x65,0x6E,0x55,0x53,0x00,0x00,0x00,0x1A,
    0x00,0x00,0x00,0x1C,0x00,0x50,0x00,0x75,0x00,0x62,0x00,0x6C,0x00,0x69,0x00,
    0x63,0x00,0x20,0x00,0x44,0x00,0x6F,0x00,0x6D,0x00,0x61,0x00,0x69,0x00,0x6E,
    0x00,0x00,0x58,0x59,0x5A,0x20,0x00,0x00,0x00,0x00,0x00,0x00,0xF6,0xD6,0x00,
    0x01,0x00,0x00,0x00,0x00,0xD3,0x2D,0x73,0x66,0x33,0x32,0x00,0x00,0x00,0x00,
    0x00,0x01,0x0C,0x42,0x00,0x00,0x05,0xDE,0xFF,0xFF,0xF3,0x25,0x00,0x00,0x07,
    0x93,0x00,0x00,0xFD,0x90,0xFF,0xFF,0xFB,0xA1,0xFF,0xFF,0xFD,0xA2,0x00,0x00,
    0x03,0xDC,0x00,0x00,0xC0,0x6E,0x58,0x59,0x5A,0x20,0x00,0x00,0x00,0x00,0x00,
    0x00,0x6F,0xA0,0x00,0x00,0x38,0xF5,0x00,0x00,0x03,0x90,0x58,0x59,0x5A,0x20,
    0x00,0x00,0x00,0x00,0x00,0x00,0x24,0x9F,0x00,0x00,0x0F,0x84,0x00,0x00,0xB6,
    0xC4,0x58,0x59,0x5A,0x20,0x00,0x00,0x00,0x00,0x00,0x00,0x62,0x97,0x00,0x00,
    0xB7,0x87,0x00,0x00,0x18,0xD9,0x70,0x61,0x72,0x61,0x00,0x00,0x00,0x00,0x00,
    0x03,0x00,0x00,0x00,0x02,0x66,0x66,0x00,0x00,0xF2,0xA7,0x00,0x00,0x0D,0x59,
    0x00,0x00,0x13,0xD0,0x00,0x00,0x0A,0x5B,0x63,0x68,0x72,0x6D,0x00,0x00,0x00,
    0x00,0x00,0x03,0x00,0x00,0x00,0x00,0xA3,0xD7,0x00,0x00,0x54,0x7C,0x00,0x00,
    0x4C,0xCD,0x00,0x00,0x99,0x9A,0x00,0x00,0x26,0x67,0x00,0x00,0x0F,0x5C,0x6D,
    0x6C,0x75,0x63,0x00,0x00,0x00,0x00,0x00,0x00,0x00,0x01,0x00,0x00,0x00,0x0C,
    0x65,0x6E,0x55,0x53,0x00,0x00,0x00,0x08,0x00,0x00,0x00,0x1C,0x00,0x47,0x00,
    0x49,0x00,0x4D,0x00,0x50,0x6D,0x6C,0x75,0x63,0x00,0x00,0x00,0x00,0x00,0x00,
    0x00,0x01,0x00,0x00,0x00,0x0C,0x65,0x6E,0x55,0x53,0x00,0x00,0x00,0x08,0x00,
    0x00,0x00,0x1C,0x00,0x73,0x00,0x52,0x00,0x47,0x00,0x42,0xFF,0xDB,0x00,0x43,
    0x00,0x01,0x01,0x01,0x01,0x01,0x01,0x01,0x01,0x01,0x01,0x01,0x01,0x01,0x01,
    0x01,0x02,0x01,0x01,0x01,0x01,0x01,0x02,0x01,0x01,0x01,0x02,0x02,0x02,0x02,
    0x02,0x02,0x02,0x02,0x02,0x03,0x03,0x04,0x03,0x03,0x03,0x03,0x03,0x02,0x02,
    0x03,0x04,0x03,0x03,0x04,0x04,0x04,0x04,0x04,0x02,0x03,0x05,0x05,0x04,0x04,
    0x05,0x04,0x04,0x04,0x04,0xFF,0xDB,0x00,0x43,0x01,0x01,0x01,0x01,0x01,0x01,
    0x01,0x02,0x01,0x01,0x02,0x04,0x03,0x02,0x03,0x04,0x04,0x04,0x04,0x04,0x04,
    0x04,0x04,0x04,0x04,0x04,0x04,0x04,0x04,0x04,0x04,0x04,0x04,0x04,0x04,0x04,
    0x04,0x04,0x04,0x04,0x04,0x04,0x04,0x04,0x04,0x04,0x04,0x04,0x04,0x04,0x04,
    0x04,0x04,0x04,0x04,0x04,0x04,0x04,0x04,0x04,0x04,0x04,0x04,0x04,0x04,0xFF,
    0xC2,0x00,0x11,0x08,0x00,0x74,0x00,0x80,0x03,0x01,0x11,0x00,0x02,0x11,0x01,
    0x03,0x11,0x01,0xFF,0xC4,0x00,0x1D,0x00,0x00,0x01,0x05,0x01,0x01,0x01,0x01,
    0x00,0x00,0x00,0x00,0x00,0x00,0x00,0x00,0x00,0x06,0x03,0x04,0x05,0x07,0x08,
    0x02,0x09,0x01,0x00,0xFF,0xC4,0x00,0x1B,0x01,0x00,0x02,0x03,0x01,0x01,0x01,
    0x00,0x00,0x00,0x00,0x00,0x00,0x00,0x00,0x00,0x00,0x02,0x03,0x01,0x04,0x05,
    0x00,0x06,0x07,0xFF,0xDA,0x00,0x0C,0x03,0x01,0x00,0x02,0x10,0x03,0x10,0x00,
    0x00,0x01,0xF5,0x1B,0xE1,0xFE,0xF4,0x03,0xD4,0xF9,0xFE,0x9C,0xB7,0x76,0x13,
    0xF0,0x81,0xC7,0x13,0x71,0x8E,0x4B,0xBE,0x0C,0xAD,0x10,0xD4,0xB9,0x88,0x4A,
    0x6D,0x01,0x31,0x61,0x20,0x15,0xA9,0x8F,0x7A,0xB2,0x07,0x8C,0xFA,0x3C,0x67,
    0x5C,0x3D,0xB4,0x1F,0xCC,0x77,0xDD,0x1B,0x22,0xB7,0x17,0x21,0x1F,0x38,0x96,
    0x98,0x87,0x59,0x56,0xAE,0xE0,0x38,0x22,0xE4,0xF5,0xA5,0x46,0xC9,0x57,0x9E,
    0xD9,0x4F,0x5B,0x30,0x95,0x89,0x4D,0x8B,0x90,0x91,0xEF,0xBA,0x3D,0x90,0xE0,
    0x4B,0x9E,0xE7,0x8B,0x2E,0xC9,0x6D,0x04,0x80,0x0A,0x49,0xEB,0xBA,0xB1,0xB2,
    0xBB,0x0A,0xA3,0xA4,0x71,0xF6,0x5B,0x6A,0xE5,0x48,0x3D,0x2E,0x0D,0x6F,0x64,
    0x61,0x1E,0x21,0xEC,0x07,0xC2,0x6A,0xC8,0xA0,0x4B,0x35,0xAE,0xE1,0x16,0x40,
    0x24,0x45,0xBD,0x42,0xE0,0x05,0x85,0x97,0xD3,0x74,0xAE,0x3E,0xC4,0x7E,0xBE,
    0x53,0xC7,0x29,0xCB,0x93,0x20,0x43,0x4B,0xBC,0x15,0x30,0xFD,0x33,0x38,0xB3,
    0xE8,0x80,0x1B,0x89,0x38,0x87,0x43,0x36,0xED,0x0B,0x62,0x4C,0x82,0x74,0x94,
    0xAE,0x3E,0xC2,0x1A,0x99,0xBF,0x9D,0x5C,0x12,0xD2,0xAC,0x81,0x18,0x46,0x8D,
    0x2E,0x7D,0x7A,0x56,0x26,0xC4,0x26,0x2A,0x24,0xA0,0x99,0xF4,0x80,0x39,0x65,
    0x88,0xB4,0x2D,0xD1,0x28,0xB2,0x9D,0xC5,0xD8,0xA0,0x3D,0x0E,0x45,0xCC,0x91,
    0x07,0xB4,0x82,0x26,0xAE,0xB3,0x31,0xB1,0x94,0x55,0xC3,0x22,0x9A,0xB4,0x3E,
    0x81,0xE3,0xD8,0x60,0x5C,0xDE,0x20,0x40,0xE0,0xA9,0x16,0x45,0xCE,0x16,0x5F,
    0x4F,0xE2,0xEC,0x02,0xEB,0xE7,0x32,0xB5,0x54,0x89,0xCA,0x6D,0x21,0x4D,0xB6,
    0x34,0xC5,0x53,0xC0,0x57,0xC2,0xAD,0x98,0xF4,0xA3,0x39,0xA6,0x6A,0x98,0xF3,
    0x8A,0xD9,0xA3,0x69,0x55,0xB4,0x1C,0x42,0xF8,0x49,0x6C,0x6D,0x9A,0xD7,0x6B,
    0x20,0x17,0x4A,0xA6,0x2A,0xD6,0xAB,0xA0,0xA0,0x34,0x7D,0x06,0xDC,0x99,0xB6,
    0x33,0x9D,0xF5,0x0D,0x74,0xE9,0xBA,0x4D,0x9E,0x54,0xA1,0xDD,0x4A,0x58,0x0B,
    0x72,0xAD,0x91,0x63,0x17,0xEA,0x6C,0x8E,0x3E,0xA8,0x3E,0xAE,0x72,0x96,0x6A,
    0x52,0xD7,0x17,0xA7,0x24,0x1F,0x89,0x4A,0x20,0x8A,0x03,0x85,0xCA,0x2B,0x66,
    0x77,0xE2,0x1B,0x26,0xB9,0xC4,0x14,0x30,0x5B,0x86,0x8A,0x1F,0xAC,0xA0,0x32,
    0xB5,0xF3,0x9F,0xA4,0xC6,0xD2,0xB4,0x18,0xC2,0xD2,0x3C,0xD3,0xDA,0xA7,0x72,
    0x34,0x6E,0x1A,0xC4,0x94,0xC4,0x2B,0x81,0xFA,0x18,0xCF,0xB9,0xAF,0x4A,0x3D,
    0xC8,0x1C,0x39,0xA8,0xED,0x6F,0x8B,0x72,0xA9,0xA9,0xA4,0xAE,0xEE,0x27,0xC9,
    0x1C,0xED,0x64,0x62,0x62,0x6D,0xA8,0x0D,0x4A,0xB8,0xCE,0x9C,0x41,0x67,0x1B,
    0x64,0x06,0x2C,0xBA,0xA3,0x53,0x2B,0x3B,0x20,0x92,0x99,0x9C,0x4A,0x7D,0x0B,
    0xC9,0xB6,0x63,0x8D,0xAC,0x39,0xB1,0x96,0x07,0x72,0xB5,0xA5,0xD1,0x83,0x2E,
    0xA5,0xE9,0x4E,0x91,0x35,0xE7,0x64,0x1D,0x90,0xB2,0xBE,0xAC,0x27,0xE4,0xCC,
    0x3D,0x72,0x25,0x51,0xD7,0xCD,0x2C,0xAB,0xD1,0xAF,0x69,0x58,0xD0,0x3E,0x47,
    0xD1,0x49,0x6A,0xE6,0xF7,0x72,0xAC,0x64,0x85,0x05,0xA3,0x5F,0x23,0xEB,0xD5,
    0xAE,0x2E,0xA7,0x4A,0xD4,0x3B,0x91,0x45,0x22,0x99,0x65,0xD2,0x31,0xD0,0x5E,
    0x93,0x79,0x4E,0xD7,0x9B,0xDA,0xF5,0x74,0xF0,0xCF,0xA0,0x5F,0x39,0xF6,0x1D,
    0x6A,0xE6,0xF1,0x76,0xA7,0x64,0x21,0xB6,0xAB,0xD7,0x6E,0x45,0xFF,0x00,0x59,
    0xCD,0x19,0x0F,0x56,0x4C,0x48,0x53,0x06,0x35,0x6A,0x96,0x59,0xB0,0x89,0xAE,
    0x99,0x37,0x6E,0x7D,0xCF,0xFF,0xC4,0x00,0x26,0x10,0x00,0x01,0x05,0x00,0x01,
    0x04,0x02,0x02,0x03,0x01,0x00,0x00,0x00,0x00,0x00,0x00,0x03,0x01,0x02,0x04,
    0x05,0x06,0x00,0x07,0x11,0x12,0x13,0x14,0x15,0x16,0x21,0x08,0x22,0x25,0x31,
    0xFF,0xDA,0x00,0x08,0x01,0x01,0x00,0x01,0x05,0x02,0x93,0x2C,0x30,0x40,0xBA,
    0x79,0x0E,0x73,0x34,0xB2,0xF9,0xF9,0x24,0xBF,0x24,0xD2,0x4A,0xEE,0xED,0x0C,
    0xAE,0x2E,0x92,0x6A,0x71,0x9A,0x3B,0x0E,0x3F,0x45,0x65,0xD9,0x6F,0xA7,0xB7,
    0x8E,0xBE,0xB3,0xF2,0x7D,0xF5,0xB7,0x8F,0xDF,0x5A,0xF2,0xC7,0x6A,0xFA,0x78,
    0xC1,0xD2,0xCE,0x71,0x2A,0xEC,0xC5,0x68,0x3D,0x17,0xCA,0x2C,0xD1,0xC7,0x32,
    0x71,0x00,0x6E,0xCC,0x8E,0xFF,0x00,0x26,0x46,0x7F,0x83,0xE2,0x95,0x79,0xF1,
    0x3B,0x37,0xD3,0xCF,0x4B,0xF9,0xE9,0x7F,0x09,0x19,0xCF,0x52,0x04,0xA8,0xDD,
    0xA0,0xE6,0xFE,0x27,0x6E,0xB4,0xB6,0xD5,0x24,0xD1,0x4A,0x15,0xAE,0x66,0x7C,
    0x83,0xEA,0xF4,0x3D,0xD6,0x70,0x51,0x1B,0xC4,0x46,0x71,0x53,0xB2,0xB5,0xAE,
    0x6F,0x3D,0x49,0xC4,0xF4,0x0D,0xDF,0xA4,0x0C,0x6F,0x09,0x08,0x88,0x2E,0x39,
    0xBC,0x78,0xBF,0xB5,0xEB,0x11,0xD5,0x31,0x21,0x08,0x0D,0x14,0x3F,0x46,0x5F,
    0x2F,0xE4,0xB6,0x37,0x2C,0x7B,0xE5,0xA8,0x5E,0x37,0x76,0x72,0x2F,0x9A,0x2F,
    0x3B,0xBB,0xC6,0x4B,0x5F,0xEC,0xA7,0x21,0x09,0x12,0xBA,0x59,0x00,0x5A,0xD3,
    0xA4,0x76,0x9D,0xCC,0x64,0xD3,0x4C,0x8E,0xD5,0x7C,0xB8,0x12,0x25,0xCE,0x3B,
    0xDB,0x5A,0xD2,0x98,0x2D,0xFD,0x26,0x6B,0x3B,0xDB,0xED,0xAD,0x51,0x4B,0x20,
    0x48,0xD1,0x71,0xBD,0x91,0xCD,0x44,0x77,0x14,0x22,0x2B,0x2C,0xB1,0x70,0x65,
    0x9F,0xF1,0x86,0xB7,0x8F,0xCC,0xFF,0x00,0x76,0xD1,0x39,0x38,0xEC,0xFB,0xFC,
    0x27,0x60,0xC5,0x63,0x2A,0x0E,0x1E,0x35,0x78,0x2C,0xAB,0x0D,0x0D,0xA0,0x17,
    0xAA,0x30,0x53,0xDB,0x9F,0xCF,0xB5,0x1B,0x3A,0xD1,0x57,0xCD,0x9F,0xF3,0xF5,
    0xCB,0x49,0x93,0xA0,0xA4,0x92,0x28,0xD4,0xD2,0x09,0x0D,0x3A,0x89,0xA6,0x1E,
    0x61,0x29,0x65,0x0E,0xE6,0xA6,0x36,0x87,0x3F,0x2A,0x7F,0x82,0x71,0x3B,0x77,
    0x54,0x4E,0xFA,0x04,0x19,0x1B,0x10,0x71,0xD8,0x18,0x8C,0x70,0xAA,0x28,0x14,
    0x7F,0x67,0x60,0xD4,0x59,0xB7,0xFD,0x45,0xCC,0x66,0x2C,0xAB,0xE7,0x42,0xB8,
    0x81,0xA7,0x0B,0x96,0x3C,0xC3,0x22,0x48,0xD7,0x5D,0x2D,0x7C,0x7B,0x0A,0x18,
    0x17,0x50,0x36,0x5A,0x41,0x44,0x7C,0x7C,0x7E,0x0F,0x29,0x31,0xFD,0xD4,0xCE,
    0xE7,0x97,0x67,0xDB,0x3C,0x2D,0x9A,0x1F,0x4C,0x98,0x7D,0xFF,0x00,0xC1,0xCE,
    0x0C,0x6D,0xB3,0xB2,0x73,0x46,0x77,0xD7,0xFD,0x34,0xBB,0x6D,0x2E,0x76,0x85,
    0x96,0x6A,0x8B,0x1D,0x3D,0x0F,0x2E,0x9E,0x23,0x65,0x91,0x18,0x54,0x85,0xA8,
    0x46,0x75,0x0F,0xAB,0x55,0x19,0x52,0x40,0xD7,0xD7,0x4B,0x55,0x33,0xFF,0x00,
    0xBB,0x48,0x9D,0x9F,0x68,0xAA,0xFD,0x00,0xDC,0xE3,0xC6,0x07,0x88,0xAA,0xA8,
    0x59,0xFE,0xCD,0xD3,0x5A,0xA4,0xB0,0xBD,0x01,0xE7,0x5B,0xD6,0x38,0x16,0xB3,
    0xEA,0x66,0xC9,0xD6,0xD5,0xC3,0xB6,0xA4,0x28,0x6C,0x87,0xC8,0xE7,0xF9,0x41,
    0xD2,0xEF,0x26,0xE6,0xE7,0xE1,0x36,0x39,0x5D,0x6E,0xD9,0xDF,0x0E,0x30,0x5C,
    0xE5,0xF2,0x78,0x97,0xC6,0xD7,0xE4,0x2E,0xCE,0x31,0x0C,0xE8,0x43,0x5E,0xF5,
    0x34,0x04,0x29,0x6D,0x2C,0x8B,0xFE,0x99,0x73,0xDF,0x46,0x6D,0x23,0x04,0x99,
    0x8A,0x9E,0x9C,0xCF,0x0B,0xE1,0x63,0x00,0xA3,0x2E,0x38,0x05,0x0D,0x7E,0x67,
    0xEA,0xE3,0x25,0x7B,0xFD,0x22,0xCD,0x46,0x88,0xF9,0x8C,0xD2,0xB9,0x73,0xCC,
    0xDC,0x99,0x7C,0x64,0x78,0x7C,0x07,0xAC,0xD9,0x32,0x6A,0x2B,0xF9,0x56,0xD7,
    0x7D,0x2E,0x5D,0xA5,0xFB,0x3D,0xF4,0xFB,0x6A,0xA8,0x4F,0xB6,0xB9,0xBC,0xC1,
    0x60,0xE5,0x49,0xB2,0xA7,0xDD,0x68,0xB4,0xC9,0x35,0x9B,0xF9,0x59,0x98,0x39,
    0x0D,0xB5,0xAE,0xCA,0xB1,0xC7,0xD9,0xB9,0x93,0x66,0xE9,0x60,0xD7,0xA4,0xDD,
    0x19,0x00,0x3A,0xCE,0xA0,0x05,0x8F,0x8B,0xD4,0xCF,0x39,0xF3,0xF4,0xB4,0x90,
    0x6B,0x4F,0x7F,0x77,0x13,0x41,0xB7,0xAE,0xC1,0xB2,0x83,0x75,0x1F,0x5C,0x0C,
    0xB9,0xC6,0x69,0xFD,0x5A,0x67,0xBA,0x84,0xF2,0x73,0x52,0xB2,0xF9,0x04,0xF5,
    0x65,0xB6,0x56,0xC4,0xAB,0xE7,0xDE,0x7D,0x73,0xFA,0x65,0x3C,0x76,0x39,0xD8,
    0xBD,0x98,0x3D,0xF5,0xDC,0x0A,0xDA,0x0D,0x56,0xA4,0x18,0xB8,0x6F,0x61,0x51,
    0x7C,0xD8,0x8E,0xDB,0x46,0x14,0xDA,0x3C,0x53,0x60,0x16,0x36,0xE2,0xBE,0x3B,
    0x6B,0x3A,0x3E,0x23,0x54,0xE0,0xF1,0x52,0xBE,0x4C,0x9B,0xEA,0x0A,0x3D,0x12,
    0x37,0x23,0x8D,0x1C,0x4A,0x0E,0x8E,0xF4,0xD7,0x2F,0x26,0xEE,0x8B,0xE7,0x1B,
    0x47,0x1A,0x45,0x8E,0x47,0xA3,0x81,0x69,0x71,0xB3,0x25,0x56,0x51,0x33,0xA8,
    0x0D,0x17,0x52,0x71,0x7D,0x47,0xCD,0x3B,0x59,0x2E,0x45,0x82,0x1F,0x91,0xBC,
    0x7B,0x5C,0x05,0x85,0x86,0x06,0x45,0xAA,0x15,0xD9,0x8B,0x69,0x99,0xC7,0xCF,
    0x88,0xF8,0xD8,0xFB,0x16,0x12,0xD1,0xC5,0x30,0x8A,0xBE,0xE7,0x14,0xAD,0xED,
    0xC9,0x9F,0x36,0x3C,0x7D,0x85,0x0D,0x6C,0x3C,0x6F,0x4E,0x29,0xE9,0xA9,0xB3,
    0x6F,0xDE,0x65,0xB5,0x91,0x73,0x14,0x56,0xD5,0x95,0xA2,0xA0,0xD3,0xB5,0xEB,
    0x94,0xBB,0x78,0xD6,0x8F,0x57,0x1A,0x73,0xAB,0x3A,0x9C,0xA5,0x93,0x57,0xAF,
    0x42,0x68,0x16,0x51,0xB3,0xF9,0xE9,0x15,0xB9,0x2A,0x9E,0x9D,0x5C,0xEB,0x74,
    0x3A,0xBF,0x16,0xBD,0x0C,0x24,0x6C,0x62,0x47,0x45,0x24,0x70,0x79,0x96,0xE7,
    0x21,0x03,0x61,0x4E,0xCF,0xE3,0xD7,0x4C,0xA1,0x4A,0x48,0xA0,0x82,0x37,0xC7,
    0x67,0x16,0x33,0x3B,0xB6,0x08,0xCA,0xF2,0x47,0xF0,0xE0,0xE0,0x8B,0x83,0x8C,
    0x84,0x59,0x55,0x11,0xEE,0x23,0x97,0xA2,0x3D,0x3F,0xFB,0x71,0x84,0x31,0x47,
    0xFF,0xC4,0x00,0x33,0x11,0x00,0x02,0x02,0x01,0x03,0x03,0x03,0x02,0x03,0x06,
    0x07,0x00,0x00,0x00,0x00,0x00,0x01,0x02,0x00,0x11,0x03,0x12,0x21,0x31,0x04,
    0x13,0x22,0x32,0x41,0x51,0x14,0x23,0x05,0xA1,0xF0,0x10,0x33,0x42,0x61,0x71,
    0x81,0x24,0x52,0x62,0x91,0xC1,0xE1,0xF1,0xFF,0xDA,0x00,0x08,0x01,0x03,0x01,
    0x01,0x3F,0x01,0xEB,0x32,0xA6,0x1C,0x5D,0xC7,0x8F,0xD7,0x64,0x3C,0x0D,0xA7,
    0xD4,0xE5,0xB2,0x09,0xDC,0x4F,0xA9,0xC8,0x52,0xDA,0x7D,0x4E,0x46,0xBB,0x30,
    0xF5,0x19,0x74,0xED,0x3B,0xF9,0x37,0x1E,0xF0,0x67,0xCB,0x54,0x27,0xD4,0x39,
    0xE2,0x0E,0xA3,0x33,0x7A,0xB9,0x9F,0x51,0x94,0xFA,0x60,0xEA,0x33,0x8F,0x51,
    0x87,0xA8,0xCC,0x46,0xE6,0x1E,0xAB,0x32,0x72,0x66,0x2E,0xB3,0x35,0x6A,0xB9,
    0x8B,0x30,0xCF,0xE7,0xC1,0x9F,0x8B,0x13,0xDD,0x08,0x78,0xAF,0xCE,0x16,0xB0,
    0x03,0x42,0xC1,0xBD,0x53,0x60,0xB1,0xC8,0xD7,0xBF,0x13,0xC4,0x0F,0x38,0x69,
    0x85,0x11,0x2D,0x0D,0xFC,0xC5,0xD2,0x0E,0xC6,0x5A,0x59,0xDE,0x78,0x2A,0x83,
    0xC1,0x81,0x88,0x6B,0x68,0xAD,0x8C,0x1F,0x2D,0xE2,0xD3,0x0D,0x46,0xE6,0xB4,
    0x04,0x9D,0x26,0xBF,0x39,0x80,0xFF,0x00,0x88,0xAD,0x3E,0xD3,0xF1,0x01,0xF7,
    0x00,0x8C,0xA2,0xAA,0xA1,0x55,0x1B,0xA8,0x12,0x85,0xCA,0x1E,0xD3,0x4A,0x9E,
    0x21,0x09,0xC3,0x40,0xA3,0xDA,0x68,0x4B,0xB2,0x26,0x91,0xC0,0x94,0xA5,0x8C,
    0x2A,0x3D,0x50,0xA8,0xAD,0x51,0x45,0x8D,0xE0,0x55,0xED,0xE4,0xD2,0x67,0x4E,
    0x07,0x71,0x98,0xCF,0xC4,0x09,0x2E,0x2A,0x64,0x01,0x6D,0x4C,0x20,0x0E,0x21,
    0xE6,0x7A,0x4E,0xF1,0xFF,0x00,0xAC,0x05,0x2A,0x8C,0x57,0x17,0xB7,0x13,0x56,
    0x9D,0xCF,0x13,0x5A,0x83,0xB1,0x8C,0xE0,0x6E,0x63,0x32,0x03,0x72,0xC5,0x69,
    0xF7,0x8B,0xFB,0xB0,0x4C,0xD4,0x3B,0x79,0x0D,0x4C,0x3A,0x75,0xED,0xCC,0xEB,
    0xEC,0x10,0x08,0x99,0x3F,0xA4,0x20,0xF2,0x21,0x14,0x63,0x0B,0xD8,0xCE,0xD8,
    0x24,0x89,0xD9,0xB9,0xDA,0x55,0xD8,0x09,0xDB,0x1E,0xF3,0xB6,0x07,0x91,0x13,
    0xB6,0x6A,0xAA,0x0C,0x3B,0x6F,0x0A,0x57,0xF7,0x88,0x4E,0x90,0x3D,0xA5,0xF8,
    0x65,0xB1,0x30,0xBF,0xDD,0xFD,0x7C,0x4E,0xBB,0x66,0x0A,0x66,0xF7,0x50,0xDC,
    0x71,0x5B,0x46,0xF6,0x9C,0x46,0xDB,0x89,0x60,0xF9,0x40,0x55,0x8D,0x5C,0xAD,
    0xEE,0x1F,0xE5,0x0E,0x98,0xFA,0x4E,0xCD,0x31,0xE9,0xED,0x8D,0x1C,0x45,0xD8,
    0x64,0x98,0x58,0x77,0x1B,0xE7,0x69,0xD7,0xFA,0x80,0x33,0x2E,0x54,0x46,0xD3,
    0x1C,0xEA,0xA9,0x99,0x4D,0xD4,0x65,0xF7,0x11,0xBD,0x55,0x34,0xEA,0x5F,0xE7,
    0x18,0x8D,0xB1,0x9F,0x79,0xA5,0x05,0x01,0x2E,0xB7,0x84,0x71,0x73,0x60,0x6C,
    0xC7,0xDA,0xB5,0x4C,0x67,0x5A,0x5A,0x71,0x2D,0xF4,0xE5,0x13,0x08,0x70,0xE4,
    0x9F,0x81,0x3A,0xE2,0x43,0x4C,0x8A,0xC9,0xEB,0x85,0xF1,0x96,0x02,0xF7,0xF6,
    0x8C,0x54,0x8B,0x11,0x4A,0x98,0x68,0xC5,0xDC,0x78,0xCF,0x32,0xFA,0x3F,0xDF,
    0xFE,0x25,0x0B,0xDB,0x63,0xF1,0xFF,0x00,0x73,0x8D,0xE5,0x7B,0x43,0xEC,0x23,
    0x9F,0x21,0x53,0x1F,0xEE,0xF7,0xDA,0x51,0xD1,0x9B,0x79,0x85,0x7E,0xE9,0x23,
    0xE0,0x4E,0xB7,0x40,0x70,0x5B,0xE2,0x64,0x60,0xC7,0xE4,0x18,0xE3,0x43,0x03,
    0xEC,0x3F,0x55,0x32,0x68,0x26,0xF1,0xB6,0xD1,0x58,0xAB,0xDA,0x9F,0xCA,0x2B,
    0xDF,0x3C,0xCD,0x43,0xF8,0x21,0x39,0x7D,0x84,0x52,0x5C,0x93,0x55,0x3F,0x86,
    0x87,0xEC,0x3B,0x6D,0x50,0xEA,0x27,0xC6,0x23,0x9E,0xD8,0xD5,0xCC,0xA3,0xF7,
    0x14,0xCC,0x1F,0xBC,0xFE,0xD3,0xAE,0x37,0x95,0x56,0x66,0x52,0x8A,0x0E,0x2D,
    0x96,0x66,0xA1,0xC4,0x38,0x99,0xB1,0x8C,0x79,0x0E,0xDB,0x99,0xF4,0x88,0x3F,
    0x8E,0x7D,0x32,0x72,0x18,0xFE,0x51,0x71,0x05,0x1A,0x43,0xC2,0x86,0xA8,0x19,
    0xDB,0x5E,0x03,0x4F,0x3A,0x22,0xA2,0x07,0xA1,0xA8,0xCF,0x33,0xEA,0x9A,0x4D,
    0xEA,0x80,0xAA,0x8A,0x69,0x76,0x99,0x19,0xB9,0x98,0x54,0x1C,0x97,0xCF,0x88,
    0x9F,0x89,0xF7,0x00,0x0E,0x9C,0x8A,0x99,0xBB,0xCF,0x86,0xF5,0x0F,0xED,0xC7,
    0xEB,0xF4,0x22,0x32,0x95,0xD5,0x53,0x3E,0x6E,0xD1,0x1A,0x63,0x6A,0x1B,0xAB,
    0x71,0xCD,0xCF,0xBC,0x7C,0x8C,0x0B,0x9E,0xB9,0x9A,0x73,0xAE,0xE4,0xCA,0x78,
    0x13,0x35,0xED,0x0A,0xE7,0x1E,0x9D,0xC4,0x23,0x2A,0x6E,0xC6,0x7D,0xC2,0x36,
    0x8E,0x59,0x28,0x34,0xC2,0x5B,0x53,0x13,0x30,0x59,0x70,0x57,0xE2,0x7E,0x2A,
    0x3E,0xE5,0x9F,0xF2,0xC5,0x3A,0xA8,0x03,0xB4,0x7C,0xDD,0xB6,0xB3,0x55,0x1D,
    0x80,0x50,0xE4,0xD8,0x26,0x31,0x22,0xFE,0x27,0x98,0xD9,0xB8,0xA9,0x93,0x50,
    0xF1,0x97,0xB5,0x8F,0x68,0x0E,0xDA,0xA6,0xED,0xB4,0xE0,0x73,0xBC,0x1B,0x2D,
    0x18,0xCB,0xA8,0x03,0xED,0x11,0x69,0x09,0x06,0x2E,0xA3,0xBC,0xC2,0xDE,0x60,
    0x7F,0xA4,0x4F,0xC4,0x91,0x72,0xE4,0x52,0xC2,0x36,0x24,0xB2,0xD5,0xBC,0x1D,
    0x3E,0x35,0xDD,0x63,0xA2,0x92,0x2E,0x1A,0xED,0x99,0x64,0x9D,0x57,0xFF,0x00,
    0x91,0x8A,0x3E,0xF7,0x15,0xF1,0xFC,0xCC,0x39,0x97,0x13,0x6B,0x06,0x8C,0xD4,
    0x4F,0xA4,0xC4,0x3E,0x3E,0x46,0x2F,0x6E,0xA9,0x8C,0x28,0x85,0x88,0xC7,0xBC,
    0xC6,0xCC,0x11,0xB5,0x7C,0x45,0xA1,0xE9,0x98,0xB2,0x69,0xC8,0xAB,0x3A,0xBB,
    0xDB,0x44,0x6E,0xE5,0xF9,0x08,0xC8,0x48,0xB8,0x31,0x6B,0x70,0xB9,0x0E,0x95,
    0xF9,0x8E,0x8A,0xAA,0xC4,0x46,0xAA,0x11,0x77,0xF1,0x10,0x63,0xC9,0x7A,0x74,
    0xCE,0xD6,0x4D,0x35,0x07,0x4C,0xFF,0x00,0x33,0xB2,0xE3,0x61,0x51,0xB0,0xE6,
    0x06,0x96,0xA0,0x4C,0x8A,0x75,0xE3,0xE6,0x5B,0x1C,0x45,0xC8,0xF2,0xA8,0xE3,
    0x48,0x04,0xED,0xB4,0xE8,0xC3,0x37,0x51,0xE1,0xED,0xEF,0x3A,0x91,0x7B,0x47,
    0x50,0x0E,0xD0,0xA5,0xE4,0xAB,0x8D,0x88,0x06,0xD3,0x66,0xA6,0x4C,0x6A,0x46,
    0xF1,0x71,0x23,0xEE,0xC2,0x14,0x00,0xD0,0x9A,0x05,0xC0,0x83,0x89,0xA4,0x58,
    0x85,0x07,0x10,0xAD,0x98,0xCA,0x23,0x2F,0x88,0xDE,0x63,0xE9,0x71,0x64,0x34,
    0xD2,0x86,0x35,0xD2,0x93,0xFF,0xC4,0x00,0x34,0x11,0x00,0x01,0x03,0x02,0x03,
    0x05,0x06,0x06,0x02,0x03,0x01,0x01,0x00,0x00,0x00,0x00,0x01,0x00,0x02,0x03,
    0x11,0x21,0x04,0x12,0x31,0x05,0x13,0x41,0x51,0x61,0x22,0x71,0x81,0x91,0xA1,
    0xF0,0x14,0x23,0x32,0xB1,0xC1,0xD1,0x15,0x42,0x33,0x62,0xE1,0xF1,0x52,0xFF,
    0xDA,0x00,0x08,0x01,0x02,0x01,0x01,0x3F,0x01,0xC1,0x41,0x26,0x26,0x5D,0xDC,
    0x56,0x27,0xD1,0x41,0xB2,0x21,0x19,0x83,0x9E,0x6A,0x02,0x1B,0x32,0x12,0x18,
    0xEB,0xF6,0x91,0xC0,0x45,0xBE,0x31,0xC5,0xC1,0x7F,0x1B,0x10,0xB8,0xAF,0x9A,
    0x6E,0xCF,0x83,0x7B,0x43,0x55,0xF0,0x30,0x53,0x31,0x34,0x1E,0xFA,0x23,0xB3,
    0xE1,0x0E,0xED,0x5B,0xDF,0x72,0xFE,0x3E,0x0B,0xE7,0x24,0x51,0x3F,0x01,0x84,
    0x65,0x32,0x3A,0xA8,0x60,0x70,0xA0,0xD1,0xF5,0x47,0x67,0xE0,0x9D,0x66,0xD7,
    0xC5,0x7C,0x06,0x10,0x49,0xD8,0xD2,0x8A,0x3D,0x97,0x86,0x93,0xE9,0x06,0xA5,
    0x4B,0xB3,0x30,0xA0,0xE4,0xA5,0x02,0xC5,0x61,0x5F,0x85,0x75,0xCE,0x66,0x95,
    0xB0,0xC3,0x44,0x06,0x56,0x7D,0x44,0xFA,0x05,0x46,0x55,0xC6,0xB6,0x29,0xA1,
    0xEC,0x68,0x11,0xEA,0x34,0xA2,0x3F,0x59,0x2C,0xE1,0x54,0xC2,0x4C,0x45,0xD5,
    0x36,0xE3,0xFF,0x00,0xA8,0x3D,0xCE,0x97,0xE5,0xF2,0xBA,0xD2,0xAF,0x0F,0xBA,
    0xF9,0x81,0xD1,0x92,0x6A,0x02,0x79,0x39,0x1D,0x98,0x2F,0x9B,0x94,0x76,0x69,
    0xE8,0x8B,0x9E,0xE9,0x1D,0x40,0x48,0xF4,0xA2,0x78,0x0E,0x68,0xDD,0xF3,0xEF,
    0x5F,0x34,0x4A,0x1E,0xC0,0x2B,0x5F,0x75,0xD5,0x56,0x56,0x3C,0xC6,0x48,0x03,
    0x29,0xD4,0xF1,0x20,0x81,0x6E,0x57,0x5B,0x92,0xE6,0x34,0xBA,0x61,0xBC,0x1C,
    0x2D,0x95,0x63,0x5B,0x4C,0x1E,0x67,0xCA,0x0B,0xEA,0x2C,0x29,0x4F,0xDA,0xD9,
    0x54,0x10,0xBB,0xB5,0xC5,0x07,0xB8,0xBB,0x33,0x09,0x4D,0x96,0x4B,0x55,0xC7,
    0xCD,0x67,0x71,0x65,0x6A,0xB3,0xBA,0x9D,0xB3,0x64,0x66,0x90,0x0A,0x66,0xF5,
    0x4D,0x7C,0xB9,0x49,0x8C,0x9A,0x22,0x5D,0x9A,0x84,0xD0,0xA7,0x49,0x28,0x19,
    0x43,0x8F,0x9A,0x73,0x9D,0xFD,0xEA,0xB3,0x38,0x5C,0xB8,0xA6,0xCA,0xEB,0x36,
    0xB6,0x51,0xC8,0xEC,0xE0,0x54,0xA7,0xB8,0x9A,0x8E,0x08,0xB8,0x8C,0x44,0x06,
    0x96,0x58,0xC0,0x04,0x2C,0x63,0x02,0xD9,0xAD,0xA4,0x65,0xAE,0xEB,0xE4,0xA3,
    0x7B,0x64,0x6E,0x61,0xCE,0xC9,0xA6,0xBA,0xF0,0x57,0xC8,0x68,0x8D,0x5C,0x29,
    0xC1,0x44,0xD7,0xD0,0x90,0xC2,0x9C,0xD9,0x73,0x8C,0xA0,0xF5,0x52,0xC5,0x21,
    0xE7,0x99,0x18,0xA5,0x90,0x59,0x97,0xE6,0xB7,0x33,0x39,0x84,0x3E,0x33,0x4E,
    0xE4,0xC8,0x25,0x71,0x39,0x2B,0xE4,0x9B,0x16,0x27,0x28,0x14,0xD1,0x64,0x7B,
    0x64,0xCF,0xA0,0xBF,0xD9,0x38,0x07,0xB8,0x96,0x27,0x7F,0x9E,0x00,0x4A,0xC4,
    0xD0,0x42,0xD5,0x80,0xFF,0x00,0x19,0x21,0x35,0xFC,0x55,0xEA,0x39,0x21,0x60,
    0x45,0x13,0x5F,0x47,0x66,0x1A,0xAF,0x89,0x75,0xAA,0x6E,0x86,0x3A,0x46,0x1E,
    0xCB,0xD3,0xB1,0xAF,0x78,0xAE,0x72,0xBE,0x25,0xC0,0x9A,0x38,0xAF,0x8E,0x91,
    0xED,0xED,0x3C,0xA1,0x8B,0x73,0x7E,0x97,0x1F,0x04,0x71,0x8E,0x7F,0x67,0x31,
    0x42,0x56,0xB9,0xDD,0x91,0xA7,0x35,0x21,0xCC,0xE2,0xF0,0x2E,0x9C,0xDF,0x9F,
    0x01,0x6A,0xC5,0x8A,0xC4,0xDB,0xF3,0x5B,0x3B,0xFB,0x11,0xCD,0x32,0xED,0xBA,
    0x68,0x07,0xB2,0xA2,0x2D,0x7F,0x66,0x89,0x8D,0xE8,0xB3,0x89,0x0D,0x43,0x42,
    0xC2,0xB5,0xC4,0x38,0x30,0x54,0xDF,0xAA,0x7D,0x59,0x21,0x61,0x17,0x09,0xF0,
    0xCD,0x1B,0x33,0xB9,0xB4,0x05,0x55,0x01,0x75,0x72,0x2A,0xA0,0x12,0x66,0x76,
    0x4D,0x54,0xE6,0x43,0x26,0x69,0x6C,0xEA,0x27,0xBA,0xB2,0xC3,0xDC,0x16,0x28,
    0x7C,0x96,0xF2,0xBA,0xC1,0x51,0xB1,0x9C,0xBC,0xD6,0x1F,0x03,0x3C,0xEC,0xDF,
    0x1B,0x37,0x41,0x5E,0x74,0x4D,0x6B,0xA3,0x79,0x6B,0xF5,0x0B,0x0E,0xE6,0xB6,
    0xC9,0xBA,0x12,0x54,0x2D,0x6B,0xBB,0x45,0x09,0x9B,0x14,0x87,0x91,0x50,0x45,
    0x56,0x9C,0x68,0x22,0x8C,0x22,0xC7,0x8A,0x38,0xAC,0x54,0xE2,0x49,0xA4,0xBD,
    0x46,0x9C,0x39,0x78,0x53,0xEE,0x9B,0xA2,0x35,0x01,0x6A,0xD2,0x54,0x37,0x6B,
    0xF2,0xEB,0x44,0xF1,0xBB,0x34,0x93,0x5F,0x34,0x43,0x33,0xC0,0x47,0x45,0x89,
    0x2D,0x31,0x37,0xC5,0x60,0x58,0x32,0xE5,0x6A,0x85,0xC2,0x50,0x19,0x19,0x24,
    0xB6,0xB6,0xE7,0xEE,0xDE,0x0A,0x3C,0x36,0x25,0xE1,0xCF,0xC9,0x61,0xA9,0xE4,
    0xA2,0x6C,0x81,0xF9,0x72,0xAD,0xDC,0xA2,0xB9,0x85,0x1B,0x44,0xC2,0x5A,0x1C,
    0x3B,0x93,0xE9,0xBC,0xCC,0xFD,0x10,0x6C,0x78,0x7C,0x2F,0xC4,0xCA,0xCE,0xD1,
    0x3D,0x8E,0x7F,0xEC,0x69,0xCA,0x96,0xE3,0xA8,0x5B,0xD9,0x4C,0x67,0x7B,0x94,
    0x83,0x4B,0xD2,0x94,0x34,0xB1,0x22,0xA7,0xA8,0xB5,0x35,0xD2,0xC9,0xEC,0x19,
    0x7B,0x43,0xB4,0xBA,0xA0,0x0D,0xCA,0x89,0x84,0xC2,0xE2,0xE2,0x06,0x8A,0x46,
    0x86,0xBF,0x5C,0xDD,0xCA,0xA3,0x79,0x06,0x5E,0x8B,0x13,0x53,0x87,0x60,0x3C,
    0xCF,0x9A,0xD9,0xA1,0xEE,0x8E,0x91,0xDC,0xD7,0xEE,0xA1,0x87,0x74,0xD6,0xB8,
    0x9A,0x16,0xDF,0x97,0xB3,0xDC,0xB0,0xEE,0xDF,0x46,0x5A,0xD0,0x37,0x84,0xD7,
    0x2D,0x69,0x99,0x47,0x24,0xD1,0xC7,0xBB,0xC5,0x43,0x49,0x38,0x1E,0x9D,0x7B,
    0xB9,0xF9,0xA9,0x1A,0xD7,0xB3,0x76,0xF6,0xE9,0xD5,0x3F,0x0C,0xE0,0x46,0x5E,
    0x29,0xCC,0x2C,0x39,0x64,0x51,0xE1,0xF0,0xCF,0x8A,0xCF,0x21,0xD5,0xD2,0xBC,
    0xF8,0xFB,0xD3,0x8A,0xC4,0xC2,0xE8,0xB0,0xEC,0x8F,0x3D,0x5A,0x1D,0x4D,0x7A,
    0x03,0xF9,0xE0,0x85,0xDC,0x4B,0x8F,0x05,0xC6,0xCA,0xF5,0xBA,0x6E,0xEB,0x72,
    0xE2,0xFA,0x81,0x5E,0x0A,0x56,0x30,0x4B,0xF2,0xEB,0x44,0xF0,0xC6,0xBA,0x02,
    0x3A,0x2C,0x48,0x1B,0xAE,0xB9,0x8A,0xD9,0xE0,0x6E,0x5D,0x20,0xF7,0x65,0x87,
    0xC4,0x36,0x61,0x93,0x16,0x2B,0x20,0xB3,0x4F,0x77,0x31,0xC7,0xA1,0x58,0x61,
    0xBC,0x96,0xAA,0x2C,0x6B,0x30,0xD2,0xFC,0x86,0x02,0x79,0xFF,0x00,0xE2,0xFE,
    0x4D,0xD9,0x72,0x88,0x87,0xAF,0xED,0x7F,0x25,0x21,0x23,0x34,0x6D,0xB7,0x7F,
    0xED,0x49,0x8A,0xDE,0xB8,0xC8,0xF8,0xC0,0xEE,0xAA,0xDE,0x37,0x36,0x6C,0xBE,
    0xA5,0x1C,0x41,0x77,0xD6,0xDF,0xBA,0x02,0x0B,0x3B,0x3D,0x2B,0xA8,0xFB,0x29,
    0xCE,0x16,0xBF,0x21,0xB6,0x03,0x5A,0xEA,0xAB,0x1B,0x4D,0x08,0xBA,0x73,0x9A,
    0x59,0x93,0x2F,0x54,0x23,0x9A,0x4A,0xEE,0x9A,0x69,0xF6,0x52,0x50,0x49,0x14,
    0x6D,0x16,0xAA,0xC5,0xBB,0xE5,0x5B,0xFF,0x00,0xA3,0xF9,0x5B,0x20,0x47,0x2B,
    0x8B,0x25,0xFA,0x6F,0x5A,0x1A,0x70,0x58,0x46,0x61,0x61,0xC7,0x6E,0xA3,0x04,
    0x3A,0x96,0x2E,0xD4,0x1E,0x5E,0x0B,0x11,0x19,0x8D,0xEE,0x8C,0x1A,0x8A,0xEB,
    0xCE,0xB7,0x58,0x0C,0x1B,0x27,0x69,0x7C,0xC6,0xC3,0x41,0xCF,0xD0,0xD9,0x35,
    0xB1,0xB9,0xE4,0x86,0x55,0x8E,0x1D,0x90,0x28,0x00,0xA0,0xB8,0x35,0x22,0xE3,
    0x5A,0xF1,0xD5,0x4A,0x30,0x18,0x67,0x31,0xAF,0x0D,0xA9,0xBD,0xAF,0xEF,0xDF,
    0x04,0x71,0x1B,0x34,0xC9,0xDB,0x14,0xAF,0x4D,0x3F,0x29,0xB2,0x6C,0xF7,0xD0,
    0x06,0xDD,0x32,0x4C,0x09,0xFE,0xBA,0xDD,0x19,0xF6,0x50,0x67,0x0F,0x22,0xBE,
    0x23,0x66,0x13,0xDA,0xA2,0xDE,0x6C,0xF9,0x41,0x0C,0x4E,0x7E,0x09,0x8E,0x6E,
    0x6B,0x79,0xF0,0x50,0xC5,0x1E,0x2D,0xCF,0xF8,0x61,0x51,0xC7,0x5F,0xCA,0xC7,
    0x41,0xBA,0x11,0xB4,0xD0,0x5C,0x1F,0x0E,0x85,0x62,0xBB,0x31,0x9C,0xDC,0xCF,
    0xE5,0x6C,0x03,0x60,0x03,0x6A,0x73,0x83,0xA7,0x44,0xF6,0x4B,0x1B,0x9C,0xE9,
    0x1B,0xDA,0xEB,0x5A,0xA6,0xE1,0x4E,0x22,0x2C,0xA6,0xA1,0xC7,0x85,0x38,0xD2,
    0xBE,0xFD,0x16,0x1A,0x2A,0xBC,0xE1,0xE9,0x47,0x01,0xDD,0xDC,0x9A,0xD6,0x3F,
    0x2F,0x6A,0xE0,0xE9,0xDF,0xEF,0xD2,0xFC,0x16,0x24,0xB4,0xE5,0x93,0x8E,0x9D,
    0x42,0x83,0xE9,0x2F,0x1F,0x61,0xF9,0x51,0xB3,0x2C,0xED,0x27,0x89,0xA7,0x9D,
    0x93,0x70,0xF9,0xDF,0x95,0xD6,0xB1,0x3E,0x5F,0xF1,0x37,0x23,0x2F,0x4F,0x3F,
    0xD2,0x39,0x4B,0x85,0x45,0x7B,0xFF,0x00,0x49,0xB5,0xDE,0xD6,0x9E,0xFC,0x14,
    0x6F,0x74,0x7F,0x4D,0x2F,0xCC,0x55,0x17,0xE6,0x9A,0x36,0x4B,0xF4,0x17,0x5F,
    0x87,0xA2,0x99,0xF1,0xBD,0xED,0xA5,0x43,0x6D,0x4A,0xF0,0x14,0x16,0xF0,0xF7,
    0x75,0x8C,0x6B,0x43,0x1C,0x3F,0xDC,0xAD,0x97,0x89,0x9F,0x0A,0xD7,0x18,0x5C,
    0x47,0x89,0x1F,0x64,0xDC,0x4C,0xE4,0x36,0xE4,0x80,0x35,0xAE,0x8A,0x5D,0xA7,
    0x8C,0x9D,0xB4,0x99,0xC7,0xC2,0xDE,0x74,0x50,0xE2,0x4B,0x1A,0xE3,0x96,0xB5,
    0x09,0xB2,0x39,0xB2,0xB1,0xF4,0xB1,0xA7,0x9F,0x14,0xEC,0xDB,0xD6,0xB0,0xB2,
    0xAD,0xB5,0xAA,0x3F,0x1C,0xF5,0xBD,0xC5,0x69,0xA5,0x14,0x51,0xCE,0xD7,0x64,
    0x64,0x34,0xF3,0x3E,0xFC,0x91,0x66,0x29,0x8E,0x12,0x18,0xC1,0xBE,0x8E,0xAD,
    0xC7,0x11,0xD0,0xF2,0xAE,0x9A,0xDF,0x42,0xE8,0x31,0x12,0x38,0x02,0xDA,0x8B,
    0xF7,0xF8,0x7B,0xE0,0x84,0x44,0x32,0x92,0x36,0x84,0x29,0x73,0x19,0xB3,0x46,
    0x34,0x43,0x7D,0x98,0xC8,0x1B,0x6A,0x1A,0xF7,0xA6,0xC9,0x2D,0x8C,0xE3,0x2D,
    0x78,0xF0,0x52,0xC7,0x1B,0x66,0x66,0x53,0xFD,0xB5,0x52,0x67,0x77,0x6B,0x5B,
    0xAC,0x4E,0x1C,0xFC,0x3B,0xDE,0xED,0x01,0xAF,0xAA,0xC2,0xB5,0xA5,0xB4,0x79,
    0x4D,0x2C,0xFA,0x41,0x51,0xCB,0x45,0x24,0xC5,0xB1,0x19,0x70,0xED,0xCE,0xF0,
    0x0D,0x1B,0x5A,0x54,0xF2,0xAF,0x05,0x86,0x95,0xD2,0xCE,0xDD,0xE0,0x4D,0xF8,
    0x92,0x6C,0xD1,0x43,0xC8,0x7E,0xEB,0x7F,0xC5,0x11,0x63,0xD8,0x73,0xCD,0x6F,
    0x1F,0x1E,0xFF,0x00,0x25,0x36,0x2E,0x20,0xDD,0xEE,0xFE,0xE7,0x97,0xEA,0x81,
    0x7C,0x7C,0x1B,0xCF,0xAF,0xD1,0x0D,0xA3,0x09,0x1D,0xA0,0x6A,0x8E,0x3B,0x0C,
    0x6E,0xEA,0xD7,0xB9,0x3B,0x15,0x85,0xA0,0xBB,0xB2,0xF1,0x47,0x13,0x84,0x70,
    0x11,0xCA,0xD2,0x47,0xD8,0x26,0x31,0x83,0x10,0x23,0x89,0xC4,0xB3,0x37,0x15,
    0x14,0x32,0x17,0x6E,0xF5,0xA9,0xF1,0xA5,0xBF,0xEF,0x9F,0x25,0xB6,0x0C,0x71,
    0x60,0x1E,0xC7,0x91,0x9D,0xC4,0x00,0xDE,0x34,0xE2,0xEF,0xB0,0xEB,0x5E,0x8A,
    0x03,0x4A,0x39,0x44,0xF3,0x5A,0x94,0xD7,0x96,0xDC,0x26,0xBC,0x9A,0xD8,0x79,
    0x28,0x31,0x32,0x41,0x2E,0x78,0xE9,0x5E,0xE0,0x9D,0xB5,0xF1,0xC1,0xB9,0x5A,
    0xEA,0x0E,0x82,0x88,0x4A,0xF7,0x30,0x39,0xC7,0x54,0xD7,0xE6,0x60,0x24,0x04,
    0x65,0x70,0x7D,0x56,0xF4,0xE5,0x78,0x20,0x26,0x4A,0x4B,0x96,0xFD,0xED,0xB3,
    0x79,0x26,0xCA,0x40,0x16,0x09,0x93,0x18,0xE4,0xCC,0xD0,0x11,0xDA,0x98,0xC1,
    0x11,0x6B,0x5D,0x4A,0xF2,0x08,0x93,0x33,0xF3,0xCA,0x6A,0x57,0xFF,0xC4,0x00,
    0x3F,0x10,0x00,0x01,0x03,0x03,0x02,0x04,0x04,0x03,0x05,0x06,0x05,0x03,0x05,
    0x00,0x00,0x00,0x01,0x02,0x03,0x04,0x05,0x11,0x12,0x00,0x21,0x06,0x13,0x22,
    0x31,0x14,0x32,0x41,0x61,0x23,0x51,0x71,0x15,0x24,0x42,0x81,0x91,0x07,0x16,
    0x33,0x52,0xA1,0xB1,0x62,0x92,0xA2,0xC1,0xF1,0x34,0x43,0xF0,0x63,0x72,0x82,
    0xD1,0xE1,0xFF,0xDA,0x00,0x08,0x01,0x01,0x00,0x06,0x3F,0x02,0xE7,0xBE,0x4F,
    0x52,0xB0,0x69,0xB1,0xFC,0x47,0x4F,0xF2,0x8D,0x2B,0x93,0x11,0xA6,0x90,0x15,
    0xB6,0x4B,0xCD,0x67,0xEB,0xA1,0x92,0x1A,0xB9,0xBF,0x71,0xFA,0x68,0xA5,0x48,
    0x60,0x8F,0x92,0x92,0x2C,0x75,0xBA,0x23,0x7B,0x00,0xD9,0xD8,0x68,0x60,0x96,
    0x2D,0xEE,0x8B,0x6B,0xC9,0x1B,0x7E,0xC5,0x2D,0xE5,0x6F,0xEB,0xAB,0x29,0xB8,
    0xA5,0x7F,0x32,0x8C,0x72,0xFF,0x00,0x56,0x95,0xF0,0xE0,0xF7,0xB6,0xC0,0xDF,
    0xFB,0xE9,0xBC,0x92,0xD2,0x6F,0xDE,0xCD,0x74,0x8B,0xFD,0x6F,0xA5,0x00,0x58,
    0x36,0x1D,0x39,0x32,0x12,0x35,0x7F,0xBA,0x27,0x2E,0x9F,0xE0,0x7F,0xB6,0xB1,
    0xE6,0xB4,0x0E,0x61,0x57,0xF0,0xC0,0x59,0x36,0xED,0x6F,0xA9,0xEF,0xA7,0x26,
    0x55,0xEA,0x90,0x29,0xB0,0x9A,0x5A,0x50,0xA9,0x72,0xC3,0x6C,0x30,0x32,0xB0,
    0x00,0xA8,0xFC,0xCF,0xF7,0xD0,0xC1,0x71,0xDE,0x46,0x3C,0xCC,0x4B,0x40,0x25,
    0x40,0xF6,0xDF,0x4B,0x5A,0x5B,0x5B,0x0F,0x34,0xAC,0x1E,0x61,0xC3,0x7C,0x7D,
    0xD2,0x7D,0x46,0xA1,0xB4,0xCE,0xE8,0x6A,0x28,0x52,0x52,0x95,0x6E,0x95,0x28,
    0xAA,0xE4,0x8F,0xC9,0x3A,0xEB,0x4A,0x6D,0x97,0x56,0x4A,0xC7,0x5B,0xB4,0x82,
    0x2F,0xDC,0x38,0x0F,0xCF,0x4A,0xF8,0x61,0x3D,0x3B,0xEF,0xB1,0xD0,0x01,0x1F,
    0x52,0x1C,0x00,0xEA,0xEA,0x69,0x38,0x81,0xD2,0x79,0x97,0xB6,0xAE,0x1B,0x50,
    0x1F,0xE5,0x3A,0x49,0xC0,0xDE,0xDB,0x75,0x6F,0xA3,0xE7,0xDF,0x6E,0xAE,0xC9,
    0xD2,0x6F,0xD6,0x40,0xDF,0x15,0xEE,0x3F,0xAE,0x96,0xA1,0xB5,0x93,0xB1,0xCA,
    0xF9,0x68,0x25,0x4A,0x52,0x8A,0x55,0xF9,0x7F,0x7D,0x71,0x1A,0xE2,0x19,0xDE,
    0x21,0xBA,0x2B,0xEE,0x46,0xFB,0x35,0xD5,0xB7,0x52,0xE6,0x25,0xB2,0xA4,0x88,
    0xE5,0x3D,0x59,0xDC,0x6D,0x6D,0x53,0x61,0x52,0x25,0x4B,0xAA,0xAA,0x2F,0x15,
    0x53,0x67,0xCA,0x10,0x03,0xF5,0xD7,0xE3,0x31,0x06,0xA1,0x1D,0xD9,0x45,0xC7,
    0x87,0x33,0x15,0x80,0xC3,0x88,0xB3,0x9F,0x8C,0x6F,0xA4,0xB6,0xAA,0x63,0xE6,
    0x82,0xF0,0xE6,0x09,0xDF,0x7B,0x76,0xB4,0x85,0xA9,0xCF,0xE1,0x18,0xFE,0x1F,
    0x95,0x85,0x95,0x88,0x56,0x57,0xED,0xB6,0x9E,0x8F,0x1E,0x9B,0x35,0x9A,0x57,
    0x86,0x7D,0x4B,0x95,0x50,0x12,0xE3,0xCA,0x2E,0x07,0x2C,0x96,0xF9,0x45,0xB0,
    0xCE,0x20,0x01,0xBE,0x57,0xC8,0xE9,0x9B,0x21,0x2A,0xB3,0x0D,0x90,0x7C,0xA4,
    0x6E,0xE7,0xAF,0xE9,0xA6,0xF2,0xC3,0x20,0x2D,0xDA,0xC9,0xFC,0x27,0xFD,0xB5,
    0x7C,0x1B,0x3D,0x5E,0x52,0x9F,0x91,0x1F,0xFE,0xE8,0x10,0x13,0x97,0xAD,0xFE,
    0x9D,0xBF,0xA6,0x82,0x6C,0x31,0xBD,0xCE,0xD6,0xC7,0xDB,0x48,0xCD,0x08,0xCB,
    0x7E,0xAB,0x6F,0xE9,0xA5,0x25,0x45,0x94,0x28,0xAA,0xF8,0x9C,0x52,0x4E,0x8B,
    0xA4,0x05,0x84,0xDC,0x74,0x24,0x2B,0xD5,0x22,0xE3,0x49,0x71,0x29,0xE8,0x2B,
    0xDA,0xE9,0x17,0x17,0x01,0x76,0x3F,0x91,0x1A,0x4A,0x51,0xC9,0x3F,0xF7,0x12,
    0x94,0xE2,0xA2,0x9B,0xF6,0xDB,0x5E,0x51,0xB9,0xEA,0x21,0x16,0xF5,0xD1,0x38,
    0xDD,0x0B,0xDC,0x5D,0x17,0xF7,0xD5,0x4F,0x66,0xB3,0xE4,0x59,0xBC,0xDB,0x4A,
    0x9B,0xCB,0x31,0x85,0xC6,0xA2,0x8B,0x46,0x8E,0x91,0x2D,0xCC,0xA9,0xD1,0xDB,
    0x06,0x2B,0xA2,0xE8,0x2A,0x58,0x4D,0xB1,0x4F,0x98,0x93,0x61,0xB9,0x3A,0xE3,
    0xB9,0x0D,0x10,0xD4,0x85,0x4B,0x0B,0x6F,0x37,0x32,0x43,0x45,0x0F,0x63,0x95,
    0x81,0xD8,0x7C,0x34,0x6D,0xB7,0x93,0x55,0xC5,0xB9,0xB9,0x0B,0xBB,0x6B,0xCE,
    0xF9,0x05,0x10,0x57,0xB7,0xF9,0x74,0xCA,0x5B,0x46,0x4A,0x53,0x68,0x40,0xB7,
    0x75,0x64,0x54,0x9B,0x69,0x0C,0x2D,0x09,0x2B,0x02,0xCE,0x1C,0x87,0x45,0x93,
    0xB7,0xFE,0x0D,0x2E,0xC6,0xC4,0xAA,0xE6,0xDE,0x9B,0x8D,0x7B,0x8D,0xFB,0x5C,
    0x7E,0x2F,0x5D,0x74,0xF7,0x58,0x38,0x0E,0xFB,0x8E,0xDA,0x60,0x21,0xE6,0xB6,
    0x60,0x25,0xF6,0x5A,0x93,0xE2,0x1C,0x0A,0xB9,0xB9,0x5A,0x88,0x4A,0x41,0xFF,
    0x00,0x0A,0x45,0x86,0xA6,0x26,0xA2,0xE4,0x45,0x3B,0x11,0xA5,0xC6,0x43,0xDC,
    0xE4,0xA9,0x4B,0xBA,0xD4,0x48,0xC8,0xFF,0x00,0x26,0xC3,0xF3,0xD3,0x51,0x56,
    0xB8,0xC8,0x84,0x96,0xC2,0x92,0xA5,0xBA,0x9B,0xA5,0x56,0x49,0x27,0xBE,0xF7,
    0x50,0xDF,0x52,0x09,0x71,0xA7,0xDB,0xF1,0xA2,0xE9,0xCD,0x28,0xB2,0x0A,0x00,
    0xC9,0x3F,0x3B,0x76,0xFA,0x0D,0x41,0x5C,0x69,0x8C,0xFC,0x38,0xE8,0x6C,0x13,
    0x22,0xED,0xA3,0x74,0x82,0x17,0xEC,0x01,0x3B,0x7B,0x6B,0x35,0xBD,0x19,0xE6,
    0xD8,0x21,0x4B,0xE5,0xCE,0xE4,0x09,0x03,0xBF,0x7E,0xE0,0x5F,0x53,0x11,0x16,
    0x74,0x65,0xA5,0xB7,0xAE,0x59,0x69,0xEC,0xB9,0x21,0x47,0xA4,0x7E,0x9F,0xDB,
    0x4E,0x53,0x25,0xA9,0x5E,0x35,0x33,0x5A,0x44,0x47,0x39,0x9C,0xCF,0x14,0xD9,
    0x7D,0x36,0x0A,0x3F,0x30,0x3F,0xA6,0xA2,0x73,0xA5,0x27,0x79,0x4F,0x38,0xF6,
    0x2C,0x86,0x71,0x6F,0xE0,0xD9,0x48,0xC9,0x56,0xC9,0x39,0x21,0x3D,0xEE,0x43,
    0x8A,0xD7,0x1D,0x5A,0xC1,0xCF,0xB4,0x14,0x06,0xDF,0xFA,0xDB,0x5F,0x6E,0xDE,
    0x9F,0x96,0xAB,0x97,0x55,0xD7,0xCB,0x6F,0x34,0xE6,0x54,0x11,0x70,0x9E,0xDE,
    0x96,0x3B,0xEF,0xEC,0x34,0x94,0x83,0x6F,0xBA,0xA7,0x7B,0x5F,0xBE,0x77,0xFE,
    0xDA,0x4A,0x6E,0x2D,0xCB,0xC7,0x61,0x6D,0x38,0x55,0xFE,0x25,0x0F,0xE6,0x4F,
    0x6D,0x64,0x55,0x60,0x0D,0x85,0xFF,0x00,0x3D,0x00,0xEA,0x32,0x4F,0xA5,0xFB,
    0xA4,0xE9,0x97,0x94,0xC3,0x52,0x79,0x1D,0x4C,0x3E,0xFA,0xCB,0x2A,0x62,0xE0,
    0xA5,0x41,0x6D,0xA7,0x67,0x05,0x96,0x7C,0xDF,0x33,0xA5,0x21,0x30,0xE1,0xE0,
    0x7A,0x12,0xD2,0x1C,0x01,0x18,0xA9,0x5B,0xDD,0x38,0xDA,0xD7,0x1A,0xB3,0x4C,
    0x47,0x42,0x43,0x78,0xA6,0xEB,0x04,0x26,0xC6,0xFB,0x74,0xDE,0xDE,0xDA,0xDE,
    0x2D,0x31,0xA4,0xA8,0x8E,0x67,0x29,0x29,0x19,0xFF,0x00,0xA7,0x49,0x08,0x8F,
    0x00,0x28,0x6C,0x9B,0xAB,0x14,0xA7,0xD2,0xFE,0x5D,0x2A,0x44,0xC6,0xA3,0xBE,
    0x1D,0x65,0xD8,0x13,0xE3,0x49,0xA8,0xBF,0x22,0x0C,0xA6,0x16,0xDA,0x13,0xD3,
    0x1E,0xFC,0xA0,0xA2,0x51,0xBF,0x4F,0x63,0xEF,0xA4,0xB3,0x12,0x0D,0x22,0x96,
    0x9E,0x6A,0x5D,0x79,0x9A,0x4B,0x62,0x33,0x6F,0x94,0x00,0x94,0x93,0x64,0x7A,
    0x25,0x28,0x4F,0xE5,0xA8,0x6E,0xCA,0x5F,0x38,0x48,0xA9,0x46,0x61,0x02,0x3B,
    0xB6,0x79,0xA2,0xA7,0x12,0x05,0xAE,0x3D,0x3D,0x7B,0xEA,0x3B,0x2A,0x93,0x25,
    0x36,0xA8,0x38,0xB6,0x9F,0x7D,0x1C,0xC4,0xA1,0x41,0x11,0xF1,0x2E,0x2D,0x3F,
    0x84,0x6F,0xB7,0xAD,0xC7,0xCB,0x5C,0x72,0xC9,0x6D,0x4A,0x49,0xA9,0xBE,0x12,
    0x85,0x23,0xBD,0xDF,0x5E,0xAA,0x44,0x34,0x94,0xAD,0x51,0xDB,0x0E,0x29,0x29,
    0xB2,0x13,0xD0,0xD5,0x92,0x93,0xF2,0xEF,0xFA,0x69,0x3B,0x5F,0xE1,0x27,0x71,
    0xF3,0xC9,0x5A,0x47,0xE2,0xB0,0xF4,0x16,0xB7,0x6D,0x5F,0x1B,0xD8,0x1E,0xDB,
    0xAA,0xF7,0xED,0xA1,0x29,0x2F,0x36,0xB6,0xDB,0x75,0xA4,0x3A,0xC1,0x46,0x08,
    0xF8,0x82,0xE3,0xAB,0xDB,0x98,0xD7,0xD7,0x1D,0x21,0xB1,0x7E,0xA4,0xA4,0xF3,
    0x11,0x6F,0x5C,0x8F,0xAF,0xD3,0x45,0xD2,0xF7,0x35,0x09,0x07,0x30,0xF1,0xF7,
    0x16,0xF4,0xBF,0xFC,0xEA,0x95,0x26,0x43,0xAE,0xB5,0x4C,0x2A,0x4F,0x8C,0x76,
    0x3C,0x93,0x0D,0x31,0xF3,0x59,0x4A,0x1D,0x71,0xDF,0x96,0x61,0x28,0xC4,0xFA,
    0xAF,0x54,0xAA,0xA3,0x4E,0xB7,0x21,0xAA,0x84,0x44,0xC9,0x43,0xED,0xD8,0x31,
    0x20,0x1E,0xCE,0x03,0x7B,0x59,0x5E,0x6F,0xCF,0x42,0x99,0x1E,0xB5,0x4D,0x7A,
    0x7A,0xCA,0xDB,0x44,0x66,0xA4,0x85,0x97,0x5C,0x40,0xCD,0x6D,0xA0,0x8E,0x92,
    0xB4,0xA7,0xAB,0x1B,0xDE,0xDE,0x9A,0x50,0xC8,0xDC,0x13,0xDB,0x5E,0x5B,0x6E,
    0x4F,0x7F,0x4D,0x5B,0x2F,0x72,0x07,0xA6,0xA9,0x7C,0xD0,0x8C,0x3E,0xDB,0x60,
    0x2D,0x2E,0xFF,0x00,0x08,0x81,0xEB,0xAE,0x5C,0x34,0xA1,0x4D,0x2A,0x53,0xA7,
    0x95,0x1A,0x56,0x29,0x7F,0xE1,0x46,0xC9,0xBD,0xAE,0x09,0x3F,0x2F,0x6F,0xAE,
    0xB8,0xE1,0xC5,0xAD,0x41,0x2E,0x54,0x64,0xB8,0x94,0x6F,0xF0,0xFE,0x33,0xBB,
    0x81,0xFF,0x00,0x9D,0xB5,0x55,0x6C,0x2B,0x25,0xA2,0x33,0x29,0xB2,0x0E,0x4D,
    0xA5,0x38,0x37,0x73,0x7F,0xD2,0xDF,0x43,0xA6,0x7D,0x7E,0xEE,0x9F,0xA1,0xEA,
    0x5E,0x9F,0xA4,0x48,0x62,0xAB,0x50,0xAA,0x41,0x80,0xCD,0x46,0x7C,0x0A,0x3C,
    0x03,0x2A,0x44,0x38,0xCF,0xBC,0x86,0x83,0xF8,0xDC,0x66,0x94,0xE4,0x0A,0xB9,
    0x77,0x29,0x1F,0x96,0xA2,0x55,0xA9,0xCF,0x87,0xE9,0xF5,0x48,0x49,0x9D,0x06,
    0x47,0x65,0x2D,0xB7,0x3A,0x90,0x6D,0xE9,0xA9,0xAA,0x68,0x19,0x05,0xD8,0x8C,
    0xCC,0x61,0x19,0x04,0x80,0xB6,0x8B,0x02,0xC4,0xFF,0x00,0xF0,0xD4,0x12,0xBC,
    0x89,0x74,0x36,0x2C,0x12,0x4E,0x36,0x5B,0xC2,0xE7,0xF2,0x23,0x51,0x98,0x6D,
    0x8F,0x13,0x2E,0xA7,0x36,0x3C,0x28,0x51,0x10,0xB4,0x36,0xA9,0x39,0xBC,0x03,
    0x81,0x37,0x20,0x1C,0x5B,0x49,0x70,0x8F,0x63,0xA8,0x4E,0xCA,0x67,0x9E,0xED,
    0x3A,0x4F,0x3A,0x3A,0x96,0xEF,0x43,0x97,0x50,0x51,0x4B,0x80,0xF4,0x94,0xDE,
    0xCA,0xEA,0xF5,0x48,0xD5,0x37,0xF6,0x74,0x88,0x95,0x8F,0xB5,0xB8,0xFE,0x85,
    0x36,0x0F,0x0F,0x55,0x29,0x93,0x18,0x8B,0x1E,0x23,0x89,0x6D,0x59,0x12,0xF1,
    0x56,0x6D,0xD8,0x29,0x05,0x2A,0x08,0x57,0x99,0x36,0x1A,0xE1,0x9E,0x00,0xA4,
    0xCD,0x72,0x89,0x3D,0xBA,0x93,0x55,0x3F,0xB7,0x95,0x29,0x6C,0x4F,0x9C,0xF4,
    0x45,0x37,0x29,0x4D,0xAD,0xDB,0x72,0x1E,0x71,0xD5,0x05,0xB3,0x64,0xE2,0x79,
    0x4D,0xA8,0x5A,0xC9,0xB6,0x96,0x71,0x50,0x4D,0xEF,0xDB,0x63,0xDB,0x56,0x36,
    0xB5,0xBB,0xFA,0x7A,0x6A,0xC4,0x6C,0x3B,0x7B,0xFD,0x7F,0x5D,0x70,0xF7,0x34,
    0xA8,0xB6,0x6A,0x6B,0x5A,0x90,0x06,0x59,0x94,0xB0,0xE9,0x1B,0x77,0x3D,0xB5,
    0x66,0x18,0xF1,0x00,0xCE,0x5A,0x44,0x70,0x8F,0x0E,0xAB,0xA5,0xA6,0xAE,0xA4,
    0xE4,0x07,0x50,0xFA,0x6F,0x73,0xAE,0x36,0xB6,0xEB,0x44,0x99,0x41,0x29,0xBE,
    0xD6,0xE6,0xBD,0x61,0xDF,0xE7,0x97,0xCB,0x55,0x32,0x1B,0x6D,0xA7,0x9D,0x82,
    0xCE,0x49,0x4F,0xAA,0x52,0xDB,0x18,0xDB,0x7E,0xC9,0x2B,0x57,0xF9,0xB5,0xCC,
    0x56,0xC1,0xB8,0xA9,0x52,0xCD,0xAE,0x7B,0xAC,0xEA,0xAD,0x51,0x54,0x08,0x30,
    0xA5,0xF1,0x4A,0x23,0xB0,0x6A,0xE1,0xEE,0x43,0xF1,0xC3,0x4D,0x72,0xDA,0x12,
    0x94,0x2C,0xA3,0xF8,0xFA,0x6E,0x52,0x09,0x4F,0xBE,0xA0,0x42,0x95,0x55,0x82,
    0xDC,0xC9,0x65,0xB8,0x74,0xAA,0x7A,0xA4,0x63,0x22,0x62,0x94,0xA0,0x84,0xD8,
    0x0B,0x9B,0x75,0x02,0xA3,0xE8,0x9B,0x9D,0x2C,0xA3,0x07,0x94,0x22,0x80,0x2C,
    0xB4,0xA8,0xAD,0x43,0x03,0xDB,0xDC,0x6A,0x9D,0x92,0xCA,0x1E,0xF1,0x2E,0x16,
    0xD2,0x17,0x64,0x94,0xE1,0xD4,0x08,0xF6,0x2A,0x1A,0xE1,0x75,0xA5,0x05,0x4A,
    0x85,0xC5,0x85,0xE6,0x9F,0xBE,0xF1,0x94,0x42,0xE3,0x64,0x91,0xFF,0x00,0xB1,
    0xE7,0x2D,0x7F,0x5D,0x22,0x2C,0x38,0xF7,0x76,0x40,0xE4,0xA1,0xB4,0xAC,0x31,
    0x80,0x57,0xAE,0x64,0x1E,0xC0,0x77,0xB1,0xED,0xDB,0x5C,0x3F,0xC3,0x14,0x2A,
    0xFA,0x16,0x68,0x14,0x8A,0xD7,0xEF,0x7B,0xF4,0xF7,0x82,0xD8,0xA1,0xE7,0x1F,
    0xC1,0xB0,0x44,0x84,0x80,0xAE,0x61,0x79,0x69,0x46,0x09,0x58,0x29,0xE5,0xA7,
    0x64,0x9D,0x70,0x8C,0x77,0x2B,0xF3,0xB8,0x92,0xA5,0xC3,0x35,0xAA,0x94,0x49,
    0xEC,0x3E,0xDB,0x70,0x65,0xB7,0x1C,0x40,0x4A,0x5B,0x65,0x90,0xB5,0xDD,0x77,
    0xF0,0xC1,0xD2,0xA3,0x75,0x90,0xB0,0x4F,0x9A,0xFA,0x71,0x94,0xBA,0xEB,0xF4,
    0x9C,0xD5,0x0E,0x03,0xAF,0x90,0xF3,0xCC,0x3C,0xD8,0xCD,0xD6,0x33,0xEE,0x51,
    0x6F,0x29,0x5D,0xCE,0x4D,0xB9,0xE9,0x6D,0x0C,0x50,0x31,0x52,0x8E,0xCB,0x3B,
    0x7C,0xEF,0xAF,0x7B,0x05,0x5C,0xFD,0x01,0x3F,0xDF,0x5C,0x2A,0x86,0xD0,0xE2,
    0xCC,0x67,0x25,0x4D,0x21,0x26,0xC5,0x29,0x31,0xDC,0x6A,0xF6,0xF5,0xF3,0x69,
    0x49,0x5B,0x52,0x0A,0x97,0x2D,0x49,0xE5,0x00,0x2F,0xFC,0x36,0xBB,0x0F,0x2E,
    0x5F,0xCB,0x7D,0x71,0xB1,0xCC,0x11,0xCD,0x92,0xF2,0xC2,0xF6,0x6D,0x07,0x9F,
    0x2A,0xF7,0xF6,0xDB,0xFB,0xEA,0xA4,0xB2,0x41,0x28,0xA6,0x47,0x68,0x62,0xBB,
    0xB2,0x02,0x9A,0x61,0x5D,0x1E,0xBB,0xE3,0xDF,0xDB,0x48,0x71,0xE7,0x4B,0x31,
    0xE3,0x30,0x26,0x3A,0xA0,0xDF,0x35,0x0A,0xE5,0x95,0x7C,0x35,0xA7,0xE4,0x42,
    0x94,0x6F,0xE8,0x52,0x9D,0x2A,0x98,0xF2,0xA7,0x3A,0x9E,0x2A,0x7D,0xCA,0x14,
    0x25,0xB4,0xD7,0x88,0x65,0xC5,0x34,0xCA,0x5D,0x38,0xE1,0x92,0x87,0x4A,0x96,
    0xAC,0xD4,0x02,0x41,0x16,0xBD,0xED,0x77,0x9E,0x91,0xC4,0x73,0xE9,0xB4,0x58,
    0x14,0x69,0x30,0x11,0x5F,0xF0,0xCD,0xCB,0x67,0x85,0xDB,0x6D,0x08,0x37,0x7D,
    0x4A,0xF3,0x39,0xD2,0xE2,0xB3,0x56,0x58,0xE1,0xD4,0x06,0xF7,0xA7,0x1F,0xD9,
    0xE7,0xED,0x56,0xA1,0xC6,0x7C,0x34,0xF4,0x84,0xCC,0xE2,0x68,0x11,0x6A,0xE5,
    0x72,0xA9,0x64,0x7C,0x94,0xB2,0x40,0x6D,0xD2,0x3F,0x86,0x14,0x9E,0xCA,0xC7,
    0xFC,0x12,0x67,0x35,0x3A,0xA4,0xEB,0x8F,0xB8,0x1D,0x54,0x3A,0x82,0x1F,0xA9,
    0x47,0x09,0xB0,0x0A,0x6F,0x77,0x0D,0xAF,0x8A,0x4D,0x91,0xDB,0xBF,0xAE,0x90,
    0x26,0x44,0x92,0x16,0x97,0x12,0xA4,0xB6,0xA8,0x4E,0x49,0x48,0x2A,0xEA,0x56,
    0x0B,0x29,0x36,0x3E,0xA3,0xBF,0xD7,0x49,0x72,0x1B,0xCE,0x30,0xA8,0xEE,0x72,
    0x81,0x53,0x16,0x5B,0x64,0x27,0xCA,0xA4,0x2B,0xFC,0x2A,0xFF,0x00,0x56,0x98,
    0x62,0xB1,0xC2,0xCD,0xBB,0x44,0xA9,0x52,0xD6,0xB8,0xFC,0x57,0x16,0x9A,0xF5,
    0x5D,0xA0,0xA8,0xEF,0xB8,0x99,0x10,0xE4,0x32,0x93,0xCD,0x05,0x04,0x21,0xC4,
    0x8E,0xAC,0xF3,0x38,0xF9,0x55,0xAA,0xFB,0xD4,0xDA,0x0C,0x48,0x5C,0x40,0xD7,
    0x0F,0x25,0xE9,0x95,0x98,0xBC,0x36,0xE5,0x24,0xCA,0x63,0x98,0x96,0x90,0x97,
    0x1E,0x75,0x21,0xEC,0xCA,0x5A,0x6B,0xA5,0xC0,0x36,0x4F,0x46,0x61,0x24,0x88,
    0xCC,0x30,0x98,0xEC,0xBF,0x2B,0x8A,0x72,0x52,0x19,0xC5,0xB2,0xE2,0x93,0x14,
    0x2D,0x66,0xDF,0x3E,0x52,0x77,0xF6,0xD5,0x8F,0xA7,0x4F,0x6D,0x8D,0x87,0xFC,
    0xE9,0x25,0x0A,0xBD,0x93,0xB9,0xEC,0x05,0xC0,0xB5,0xFF,0x00,0x4D,0x50,0x1A,
    0x85,0x1D,0x0F,0xCB,0x66,0x83,0x3A,0x57,0x39,0xF7,0x5D,0x62,0x2E,0x25,0x6C,
    0x20,0xA1,0x4B,0x4A,0x15,0xB9,0x2E,0x6C,0x0F,0xF2,0x2B,0x44,0x4B,0x6E,0x3A,
    0x5E,0x13,0x9C,0x4F,0x26,0x34,0xCE,0x6A,0x1C,0x46,0x2C,0xFC,0xD2,0x93,0x91,
    0xCA,0xC3,0x6D,0xAE,0x37,0xD7,0xED,0x09,0xB3,0x8B,0x88,0x68,0x4D,0xF8,0x28,
    0x01,0x2E,0x65,0x9C,0xB5,0x29,0x24,0x9D,0xB7,0xB8,0xFE,0xBA,0x96,0xE1,0x5F,
    0xC3,0x72,0x9F,0x0A,0xE5,0xD6,0xF9,0x4E,0x2C,0x98,0xAC,0x1D,0xD1,0xF8,0x4F,
    0x57,0xF4,0xB6,0xA3,0x47,0xC7,0xA1,0xE6,0x98,0x69,0xFC,0x93,0x93,0x65,0x2E,
    0xBC,0x50,0x7E,0xBB,0x7A,0x6A,0x3B,0xDC,0x18,0xF4,0x3A,0x57,0x0C,0x54,0xA7,
    0xBF,0x51,0xE2,0x2A,0x3C,0x78,0xC5,0xB5,0xBF,0xCD,0x68,0x36,0xA5,0x45,0x72,
    0xE0,0xC7,0x01,0xC4,0xB4,0xB7,0x1B,0x46,0xC6,0xEB,0x36,0x04,0x92,0x6A,0xB1,
    0xF9,0x1F,0x76,0xFB,0x21,0x4C,0x06,0x1B,0x17,0x49,0x1C,0xAB,0x62,0x90,0x3B,
    0xF7,0xED,0x6F,0x5D,0x31,0xC4,0x42,0x6D,0x47,0x84,0x13,0x3A,0x88,0x18,0xAA,
    0x51,0xA9,0x91,0x22,0x3B,0x51,0xAC,0xB8,0x95,0x3A,0xB6,0xA4,0x3B,0xCE,0x42,
    0x92,0xDA,0x93,0xCD,0xBF,0xA2,0x97,0xB0,0x55,0x82,0x6D,0xAF,0x10,0xAA,0xEC,
    0xC7,0x93,0x20,0x07,0x1B,0x3E,0x0D,0xA8,0xCB,0x1B,0x5B,0xAE,0xF7,0xDF,0xF4,
    0xD2,0xD9,0xFB,0x76,0xA9,0x19,0xC3,0xDA,0x5C,0x51,0x15,0x2F,0x27,0x7B,0xED,
    0x93,0x6A,0x4F,0xF4,0xD2,0xD8,0x45,0x72,0xAB,0x31,0x4E,0xBF,0xCF,0x5C,0xA9,
    0xE9,0x8C,0xE3,0xEA,0x56,0x21,0x03,0xC8,0xDA,0x53,0x60,0x00,0xF4,0xF4,0xD2,
    0xA2,0xAA,0x53,0x6A,0x8E,0x54,0xA7,0x31,0x31,0x91,0xB2,0x94,0x6E,0xA3,0xDF,
    0xD4,0xDF,0x4E,0xC8,0xA6,0x16,0x18,0x97,0x72,0xEA,0x52,0x96,0x1B,0x61,0x89,
    0x0B,0x23,0x7E,0x66,0x3D,0xEF,0xB5,0xF4,0xE7,0x22,0x8A,0xC9,0x9F,0x0D,0xF5,
    0x49,0xA6,0x54,0x26,0xA9,0x85,0xB6,0x97,0xB0,0xE4,0xAC,0x94,0x21,0xC0,0x79,
    0x6A,0x6F,0x1E,0x9D,0xCF,0x4F,0x7D,0x4C,0x91,0xC5,0x82,0x93,0x08,0xAA,0x72,
    0xDA,0xA6,0x53,0x69,0x4C,0x99,0x32,0x9B,0x65,0x16,0xB3,0x92,0x9D,0xCF,0x97,
    0x77,0x77,0x21,0x28,0xB6,0x00,0x8D,0xD4,0x6F,0x62,0xE8,0xC5,0x40,0xD9,0x5C,
    0xAE,0x4E,0x0A,0xB6,0xF7,0xEF,0xEA,0x3E,0x5A,0x15,0x0E,0x7E,0x6E,0xA6,0x0A,
    0xA2,0x34,0xD7,0x87,0xB3,0x61,0x39,0x25,0xDE,0xF7,0xC8,0x13,0x62,0x3B,0x69,
    0xB1,0x53,0xA9,0xC1,0x8B,0x77,0x42,0xC4,0x63,0x31,0x08,0x95,0x39,0x57,0x20,
    0x25,0x0D,0x66,0x15,0x9A,0x82,0x82,0x6E,0x45,0x86,0x29,0xED,0x60,0x35,0xC6,
    0xCF,0x29,0x94,0xA5,0xC9,0x30,0x9E,0x9A,0xF2,0x32,0xE6,0x07,0x16,0xEF,0x88,
    0x75,0x76,0xDF,0xCB,0xD6,0x3F,0x5D,0x3D,0x9A,0x84,0x80,0x68,0xD1,0xD4,0x65,
    0x9F,0x87,0xCC,0xB4,0x78,0x5B,0xE3,0xDB,0xFE,0x74,0xC4,0xEA,0x18,0x89,0xF6,
    0xA9,0x95,0x15,0xB8,0x7E,0x3E,0x23,0xB3,0x20,0x8C,0x64,0x05,0xBC,0x5C,0x43,
    0x6A,0x4A,0x88,0x4B,0x41,0xD5,0x79,0x93,0xB8,0x1B,0xE9,0xBA,0xD7,0x13,0xA6,
    0x9E,0xE5,0x0A,0xBF,0x29,0x74,0xF9,0x90,0x68,0x11,0x1E,0x6A,0x3C,0x86,0xE4,
    0xC8,0x5C,0x28,0xF3,0x8A,0x96,0xEA,0x8F,0x21,0xE1,0x8A,0xB1,0x3E,0x54,0x3A,
    0x93,0x73,0x6D,0x50,0x26,0x57,0x0B,0x68,0x99,0x4F,0x86,0xE4,0x09,0x51,0xD0,
    0xA2,0xEC,0x77,0x25,0xC7,0x7B,0xC3,0x17,0xAE,0x42,0x49,0xFE,0x0E,0x42,0xE0,
    0x58,0xBD,0xF4,0xD7,0xD8,0x3C,0x1A,0xC4,0x2F,0xB4,0x1F,0xF8,0x55,0x0E,0x28,
    0xAA,0xD9,0xEA,0x67,0x0E,0x0B,0x5F,0x16,0x98,0xB8,0xF1,0x12,0x2C,0x49,0x08,
    0x1D,0x29,0xFC,0x5F,0x2D,0x48,0x83,0xC5,0xBF,0xBF,0xC3,0x88,0xE8,0x53,0x5D,
    0xFD,0xED,0xAD,0xD3,0xD3,0x1E,0x64,0x5A,0xD7,0x8B,0x92,0xF7,0x82,0x90,0x1C,
    0x75,0x39,0x26,0x39,0x00,0x21,0xA0,0xD8,0x40,0x4E,0x21,0x1F,0x2D,0x2E,0xA1,
    0xC3,0x94,0x5E,0x3C,0xA9,0xD3,0x69,0xD3,0x3E,0xCE,0x99,0x50,0x97,0x51,0xA7,
    0x44,0x5A,0x5D,0xB3,0x6A,0x29,0x52,0x15,0x31,0x17,0xD9,0xD4,0x9E,0x94,0xDA,
    0xDE,0xFB,0x69,0xFE,0x5F,0x0B,0xF1,0x8C,0x90,0x87,0x30,0x41,0x6E,0xB5,0x48,
    0x19,0xF6,0x37,0x4D,0xE6,0x8D,0xB7,0xF5,0xF9,0x68,0xC9,0x99,0x47,0xAE,0xC3,
    0x8E,0x9B,0x19,0x0B,0x4C,0xEA,0x6A,0xDF,0x6F,0xA8,0x24,0x0D,0xA4,0x1D,0xEF,
    0xB6,0xD7,0xD4,0x7A,0x9A,0xE2,0x57,0x62,0xD3,0x9D,0xE5,0x34,0xD3,0xC8,0x99,
    0x0B,0x27,0x1C,0x79,0x69,0x6D,0x09,0x56,0x0F,0x13,0x7B,0xAB,0xCD,0xD8,0x5B,
    0xBE,0x9E,0x42,0x62,0x71,0x38,0x5B,0xCB,0xC7,0xAA,0xBD,0x19,0xD2,0xCA,0x0D,
    0xEE,0xA4,0xDE,0x46,0xD6,0xFD,0x74,0x1C,0x66,0x91,0x52,0xB1,0x47,0x29,0x4C,
    0xCB,0xAD,0xC4,0x64,0x80,0x97,0x3C,0xFC,0xC0,0xEA,0xC9,0x24,0x7B,0x7E,0x9E,
    0x8E,0xCD,0xAD,0x35,0x52,0xA7,0x47,0x4F,0xC4,0x54,0xB9,0x93,0x22,0xBA,0xCA,
    0x3A,0xAC,0x11,0xB3,0xA3,0x6D,0xC0,0x07,0x7D,0x09,0x74,0xF4,0x4D,0xA8,0x30,
    0x95,0x8B,0xFD,0xC6,0x02,0xA4,0x24,0x5D,0xC4,0x03,0x8B,0xAB,0x1D,0xD4,0xCA,
    0xC5,0xEC,0x7F,0x4D,0x52,0x95,0xC6,0x72,0xEB,0x34,0x69,0x15,0x54,0x3C,0xED,
    0x3D,0x95,0x53,0x18,0x91,0xD2,0xD9,0x40,0x72,0xC6,0x31,0x38,0xF9,0xD3,0x6B,
    0xE9,0xDA,0xCF,0x0E,0x4B,0xAA,0xAA,0x97,0x10,0x4F,0x89,0xC4,0x72,0xE6,0x7D,
    0xDA,0x32,0x1A,0x4D,0x32,0x4B,0x88,0x6D,0x6C,0xA8,0xE4,0xAB,0x38,0xB8,0xAA,
    0xE9,0x1F,0x87,0xCD,0xDC,0x14,0x28,0x4A,0x54,0xC4,0xC8,0xE1,0xD8,0xB2,0x51,
    0x2C,0xB7,0xE1,0x44,0x9F,0xBB,0xC4,0xB9,0xE5,0x1D,0xD3,0x96,0x77,0xFD,0x34,
    0xF4,0x75,0xD4,0xD3,0x49,0x6E,0x4D,0x35,0xE6,0xA4,0xD4,0x39,0xA8,0x88,0x58,
    0x65,0x4A,0x42,0x1E,0x21,0xC5,0xEC,0x3A,0x14,0xAD,0x37,0x1B,0x87,0xA6,0xD1,
    0x2A,0x34,0xF4,0x2A,0x2C,0x1A,0x62,0x29,0x52,0x23,0xCD,0xA6,0xDA,0x3B,0x88,
    0x4B,0x68,0xE8,0x56,0x36,0x4F,0x2E,0xD6,0xBE,0xD6,0xD5,0x2D,0xE9,0x4B,0x8D,
    0x1A,0x72,0xE5,0xCB,0xA8,0xC8,0xBB,0xE9,0xC9,0xB7,0x5F,0x96,0xF2,0xD4,0x85,
    0xEF,0xEE,0x01,0x1B,0xDA,0xC3,0xE5,0xA9,0x95,0x27,0x63,0x4C,0x9C,0xEB,0xCA,
    0x0E,0xD1,0xCB,0x74,0xB7,0xAA,0x71,0xE2,0xB9,0xF1,0x84,0x84,0xE6,0xCB,0x4B,
    0x29,0xCD,0x56,0x37,0x36,0x04,0x14,0xEF,0xA9,0x50,0x8D,0x32,0xA5,0x3E,0x57,
    0x11,0x51,0x5B,0x53,0xD3,0x0C,0x62,0xCA,0x29,0xB0,0x19,0x92,0x26,0x34,0x54,
    0xE9,0x4D,0xB1,0x69,0xD5,0x96,0x12,0xDA,0x8E,0x60,0xCA,0x1B,0x6A,0xBA,0xE4,
    0x5E,0x77,0x82,0xFB,0x45,0x02,0x23,0x8B,0x00,0x78,0x84,0xF8,0x76,0x16,0x1D,
    0x41,0xBE,0xE9,0x25,0xDB,0x5F,0xB5,0xD2,0x7D,0x34,0x10,0xBC,0x2E,0x83,0xB9,
    0xDC,0x9E,0xC3,0xFF,0x00,0xBD,0x56,0x59,0xA8,0xB3,0x52,0x6D,0xB4,0x24,0x2D,
    0xE9,0xCC,0xC3,0x2F,0x32,0xCB,0x61,0x5C,0xC5,0x39,0xB1,0xB9,0x09,0xB0,0xB9,
    0x03,0xFB,0x1D,0x52,0x28,0x12,0xA8,0xF3,0xEA,0x2B,0x9F,0xE1,0xDA,0x71,0xD6,
    0x9C,0x6E,0x34,0x5A,0x72,0x5C,0x90,0xD3,0x08,0x79,0x6A,0x3D,0xC7,0x31,0xC4,
    0xDB,0x11,0xF5,0xB6,0x9D,0xC9,0x29,0x1F,0xCF,0x66,0xCE,0xC3,0xEB,0xA0,0x03,
    0xC8,0xF6,0xF6,0xD3,0x8C,0x3C,0xA4,0x96,0x9D,0x36,0x52,0x85,0xEC,0x3E,0x47,
    0xFB,0x6A,0xA1,0x1B,0x93,0x39,0x2B,0x87,0x28,0xFC,0x16,0x5E,0x95,0x19,0x95,
    0x03,0x22,0x51,0x49,0xCD,0x25,0x29,0x55,0xEE,0x7E,0x76,0xBE,0xBF,0x68,0x93,
    0x5B,0x80,0x4C,0xB6,0x3F,0x66,0x12,0x23,0x40,0xA8,0x3C,0x16,0xE3,0x71,0x54,
    0xB9,0x2D,0xDD,0xA6,0xD6,0xE5,0xD0,0x09,0xE9,0x2A,0xC4,0xF6,0x4A,0x6F,0xE9,
    0xAA,0xCB,0x0F,0xB4,0xDC,0x49,0xB2,0xFC,0x55,0x42,0x5F,0x9F,0x9F,0x25,0x3E,
    0x11,0x6A,0x0F,0xE3,0xBF,0x52,0xC2,0x59,0x36,0xF2,0xFF,0x00,0x6D,0x52,0x96,
    0xA7,0xA5,0xCA,0x53,0xBC,0x15,0x0A,0x51,0x9B,0x35,0xBE,0x44,0x99,0x45,0x71,
    0xE2,0x95,0x66,0x8C,0x53,0x65,0x76,0x51,0x18,0xA6,0xD7,0xF2,0x8D,0x46,0x8D,
    0x5E,0xA6,0x52,0x6A,0xF1,0xE3,0xAF,0xC4,0x46,0x8F,0x56,0x84,0xD4,0xF6,0xDB,
    0x5D,0x8A,0x72,0x4A,0x1C,0xDB,0xB1,0x23,0x55,0x2A,0x33,0x34,0x5A,0x1D,0x32,
    0x3D,0x44,0x05,0x54,0x23,0xD2,0xE9,0xEC,0xD2,0x5C,0x59,0xFC,0x2E,0x28,0xB3,
    0x8A,0xB2,0xDB,0x65,0x8D,0xFD,0xF4,0x65,0x52,0x78,0x6E,0x17,0x88,0x4A,0xB3,
    0x8E,0xBA,0x83,0x8F,0xD6,0x3C,0x21,0x3D,0x2A,0x53,0x41,0xF5,0xAC,0x21,0x47,
    0x6E,0xA4,0xD8,0xF4,0x8F,0x90,0xD5,0x35,0xF8,0x55,0x66,0xA9,0x8E,0xC1,0x7C,
    0x29,0xE8,0x7E,0x1D,0x0E,0xC3,0x9E,0xD0,0x52,0x54,0xA6,0xF0,0x05,0x24,0x2B,
    0x14,0xA9,0x29,0x55,0xEC,0x33,0x37,0x4A,0xB6,0xD7,0x15,0xD2,0xE7,0x4C,0x98,
    0x89,0x34,0x89,0x0E,0xCB,0xA8,0x4D,0x42,0xC8,0x92,0xB8,0x73,0x26,0x36,0x62,
    0xF2,0x2C,0x45,0x90,0x94,0xBA,0x5A,0xF5,0x07,0xC3,0x2A,0xE2,0xE2,0xFA,0xE2,
    0x36,0xD5,0xC4,0x32,0xD9,0xAF,0x7E,0xF3,0xAD,0x2D,0xCF,0x93,0x4A,0x5B,0x69,
    0x8E,0xA4,0x46,0x86,0x96,0x82,0xA3,0xAB,0x65,0xB7,0xCB,0x4B,0x62,0xC0,0x80,
    0x47,0x63,0x7E,0xAD,0x4E,0xAC,0x71,0x47,0x1F,0xA9,0xA8,0x36,0x01,0x6D,0xF8,
    0x18,0xB4,0xBA,0x5B,0x27,0xB2,0x70,0xD9,0x4F,0x2D,0xD3,0xB7,0xE3,0x20,0xDB,
    0x64,0x0D,0x42,0x63,0xF6,0x71,0x55,0x54,0xE8,0x53,0xA5,0xAE,0x15,0x5A,0x7B,
    0x78,0xC2,0xCD,0x2C,0x05,0xBA,0xD9,0x59,0x7F,0x05,0x94,0xF3,0x92,0x84,0x10,
    0xDD,0xFC,0xDF,0x2B,0xEA,0x92,0xE4,0x5F,0x08,0xFB,0x6C,0x50,0xDF,0x81,0x51,
    0x2A,0x5B,0x6C,0xC8,0x5F,0x5B,0x6E,0xB0,0x91,0x62,0x37,0xCC,0x29,0x59,0x7F,
    0x80,0x68,0xE0,0x50,0xDB,0x6A,0x42,0x6C,0xDA,0xDE,0x6C,0xB9,0x7B,0x58,0xFE,
    0x23,0xAB,0xBB,0x3A,0x2C,0x65,0x76,0x0D,0x85,0x07,0x9D,0x70,0x7E,0xBB,0x69,
    0xA6,0xDA,0x5F,0x8F,0xC6,0x7C,0x60,0xE4,0x68,0x9C,0xB4,0xCA,0x92,0x85,0x3C,
    0x90,0xEA,0xC0,0x71,0x61,0x1D,0x03,0xAC,0xEE,0x2E,0x01,0xB0,0x26,0xC0,0xA6,
    0x9D,0x0D,0xF3,0x2C,0x47,0x53,0xAB,0x66,0x3F,0x30,0x78,0xB5,0x29,0x6A,0x52,
    0xCA,0x2E,0x7B,0xEE,0x7B,0x58,0x2B,0xD8,0xF7,0xD7,0x12,0x26,0x4B,0x38,0xC5,
    0x34,0x37,0x18,0x79,0x3B,0xB6,0xAF,0xFA,0xB8,0x9C,0xC1,0x63,0x63,0xB0,0x07,
    0xB8,0xD7,0x12,0x45,0x72,0x4B,0x4B,0x6E,0x65,0x2D,0x2E,0x40,0x59,0x01,0x68,
    0x77,0x9A,0xC3,0x8C,0xA4,0xA1,0xCF,0x2D,0xBA,0x42,0x42,0x07,0xFB,0xEA,0x97,
    0x68,0xD2,0x4B,0x72,0x68,0x91,0xE9,0xAD,0x3A,0xBC,0xCA,0x5B,0x53,0x70,0x58,
    0xCF,0x2B,0xF6,0x21,0x4D,0xA9,0x3D,0x5A,0x46,0xCC,0x96,0x9D,0xB3,0x4D,0xE6,
    0x08,0x29,0x73,0x7F,0xC5,0xEF,0xB5,0xB4,0x87,0xCB,0x69,0x0E,0x25,0x05,0xB5,
    0x59,0x25,0x48,0x71,0x3D,0xEC,0x7B,0x76,0x3D,0xBF,0x3D,0x23,0x24,0xB2,0xD0,
    0x74,0xF2,0xD2,0xA5,0xE4,0x91,0x73,0xE8,0x77,0xB6,0xFE,0x9A,0x94,0xB6,0x62,
    0xF8,0xB7,0x91,0x1D,0x45,0xB8,0x62,0xC9,0x4C,0xB3,0xE8,0x80,0xB2,0x6C,0x2F,
    0xB8,0xDF,0x55,0xC6,0x58,0x69,0x6E,0x33,0x22,0x1A,0x63,0xBB,0x1D,0xF7,0xFC,
    0x41,0xB2,0xE5,0xC7,0x2A,0x4D,0xCE,0xFD,0xC9,0x1A,0xE2,0x96,0x2A,0x3C,0x5B,
    0xE0,0x65,0x43,0xAE,0x78,0xD4,0xCE,0xAD,0xF1,0x00,0x8D,0x76,0xCC,0x28,0x78,
    0xF3,0x86,0x48,0xE9,0xBA,0x2D,0x9D,0xBD,0x35,0x2E,0x9A,0xD5,0x0A,0xBB,0xC7,
    0x6B,0x43,0x89,0x66,0x6D,0x26,0x89,0x06,0x5D,0x51,0xA6,0x8A,0x96,0x5B,0x0A,
    0x53,0xD6,0x4B,0x41,0x07,0x13,0x65,0xE7,0x6B,0x6A,0x2F,0x0F,0xD1,0xFF,0x00,
    0x67,0x95,0x1E,0x1B,0x85,0x15,0x4E,0x48,0x44,0x2A,0x95,0x71,0xA5,0xE2,0x16,
    0xBC,0xC9,0xE6,0x78,0x87,0x6F,0x92,0x94,0x7F,0x15,0xC6,0x9C,0x51,0xA6,0xC3,
    0x45,0xD7,0xD1,0x6A,0xD7,0x3C,0xFD,0x55,0xF2,0x1E,0xDA,0xB0,0x93,0x4F,0x42,
    0x92,0xE8,0x51,0xFB,0xF4,0x93,0xDA,0xC7,0xE5,0xA6,0xCA,0x19,0xA2,0x4B,0x60,
    0xA0,0xE4,0xEB,0xD5,0x57,0x09,0x4A,0x87,0xCD,0x0A,0x68,0xDA,0xFB,0xE9,0x76,
    0xA4,0xF0,0x2C,0x68,0xEB,0x90,0x39,0x4E,0x7E,0xF2,0xCF,0x77,0x06,0xC9,0xEA,
    0x2B,0x40,0x86,0x13,0x7C,0x6D,0x64,0x82,0x05,0xFF,0x00,0x16,0x90,0xED,0x3A,
    0x4D,0x35,0xA9,0x04,0x34,0xF2,0xFC,0x44,0xD7,0x17,0x16,0x43,0xE8,0x1D,0x58,
    0xA3,0x95,0x60,0x8E,0xFD,0x1F,0x88,0x7E,0xBA,0xAB,0xB9,0x54,0xA5,0xC7,0x8F,
    0x30,0xD0,0x64,0x47,0x90,0xEC,0x17,0x93,0x26,0x13,0xC9,0x2B,0x60,0xEC,0x4F,
    0xC4,0x4F,0x97,0xC8,0x6E,0x91,0xF3,0xD7,0x18,0x56,0xE7,0xF1,0x0B,0x91,0x53,
    0x4D,0x54,0x08,0xF1,0x22,0x55,0x58,0x51,0x8B,0x23,0x3C,0xD4,0xA0,0xD0,0x09,
    0xE6,0x3A,0xAB,0xAC,0xEE,0xD9,0xC4,0x1B,0xEC,0x2C,0x75,0x44,0x9C,0xAA,0x67,
    0x2F,0x87,0x7C,0x0B,0xF5,0x3A,0x8C,0xD9,0x30,0x1E,0xA7,0x2E,0x25,0xDA,0xC5,
    0x86,0x46,0x57,0x0A,0x5A,0xD4,0xE7,0x61,0xD8,0x36,0xAB,0xFA,0x68,0x05,0x00,
    0xA1,0xDE,0xC7,0xDB,0x71,0xA9,0x0B,0x4A,0xDF,0x4A,0x83,0x65,0x40,0x87,0xD6,
    0x6D,0x6D,0xFE,0x7E,0xDA,0xE4,0x97,0x5F,0x2D,0x29,0xF0,0x8C,0x4B,0xC4,0xED,
    0xCA,0x2A,0xFE,0x84,0x68,0x65,0x22,0x61,0x1C,0xB0,0x31,0xF1,0x6B,0xC7,0x74,
    0xAB,0x7E,0xFE,0xDA,0x77,0x87,0xEA,0x33,0xEB,0x31,0x63,0xCA,0x52,0x6F,0x32,
    0x9B,0x51,0x31,0xAA,0x6C,0x96,0xDC,0x4A,0xC2,0x9B,0x74,0x83,0x63,0x76,0xD3,
    0x7D,0xAC,0x7E,0x5A,0x95,0x56,0xA8,0x52,0xE4,0xF1,0x35,0x46,0x46,0x00,0xC8,
    0xE2,0x69,0x22,0xA6,0x1B,0x4B,0x60,0x04,0xA1,0x2D,0x62,0x96,0xED,0xB7,0xF2,
    0xDF,0xDF,0x4D,0x31,0x09,0xB1,0x11,0x84,0x29,0x31,0xD0,0xCC,0x6F,0xBB,0xB4,
    0x94,0xFD,0x13,0xA0,0xB2,0xA7,0x4A,0x9B,0x73,0x24,0x15,0x3C,0xA5,0x63,0xB5,
    0xB4,0xC9,0xC9,0xCD,0xD5,0xCB,0x57,0x57,0x9A,0xFF,0x00,0x3D,0x29,0xEE,0x6C,
    0x96,0xDC,0xFE,0x15,0xDA,0x7D,0x48,0x49,0x1E,0xE9,0xEC,0x4F,0xB9,0xD0,0x3C,
    0xE7,0xCF,0x41,0x24,0x29,0x40,0x82,0x6F,0xDF,0xB6,0x87,0xC4,0x93,0x60,0xF1,
    0x58,0x4F,0x88,0x50,0x45,0xFE,0x9F,0x2F,0x6E,0xDA,0x79,0x0A,0x71,0xE2,0x33,
    0xC7,0xCF,0x63,0x63,0xA9,0x34,0xC9,0x4F,0x4B,0x4B,0x2E,0xA0,0xB3,0xCD,0x66,
    0x41,0x4B,0xE8,0x0A,0xD8,0xDA,0xF7,0x1F,0xE6,0x07,0x51,0x6A,0xF3,0xE9,0xAF,
    0x56,0xE5,0xB3,0x10,0xC4,0x88,0x9A,0xD3,0xC2,0x74,0x38,0x49,0x0A,0xCF,0x26,
    0xA3,0xE3,0xCB,0x0B,0xBF,0xE3,0xC4,0x9D,0x78,0x78,0xCC,0xB5,0x1D,0x96,0xFC,
    0xAD,0xB2,0xD8,0x6D,0x3F,0xA0,0xD7,0xFF,0xC4,0x00,0x24,0x10,0x01,0x01,0x00,
    0x03,0x00,0x02,0x02,0x03,0x00,0x03,0x01,0x01,0x00,0x00,0x00,0x00,0x01,0x11,
    0x00,0x21,0x31,0x41,0x51,0x61,0x71,0x81,0x91,0xA1,0xB1,0xC1,0xF0,0xD1,0xE1,
    0xFF,0xDA,0x00,0x08,0x01,0x01,0x00,0x01,0x3F,0x21,0x39,0xAE,0xA1,0xBD,0x71,
    0xE7,0x06,0xAE,0x8C,0xF8,0x79,0x35,0x37,0xA9,0x2B,0xF5,0x8C,0x20,0xD1,0xE5,
    0x0B,0xD6,0xBC,0xE1,0xAD,0x6A,0xA9,0x9F,0xAF,0xAD,0x3B,0x7D,0xE0,0x61,0x41,
    0x0F,0x1D,0x34,0x73,0x87,0xF8,0xCA,0xE8,0xA6,0xED,0x32,0xEA,0xF7,0xD3,0x80,
    0xDA,0xF2,0xBD,0x0F,0x31,0x2E,0x68,0x9C,0x32,0xBD,0x86,0xB9,0x1E,0xB7,0x86,
    0x90,0x48,0x55,0xE1,0xD3,0x24,0x28,0x51,0xDF,0x1E,0x34,0x93,0xDE,0x61,0x9A,
    0xD4,0x4C,0xAB,0xEA,0xED,0xFC,0xE6,0xD8,0x68,0x84,0x5D,0x37,0xE5,0xDD,0xE5,
    0x39,0xB2,0x42,0x09,0x4C,0x5D,0x83,0xF4,0xCB,0xBF,0x8A,0xC2,0x18,0x00,0xA0,
    0x7D,0xC6,0x48,0x54,0x56,0xEB,0x6C,0x31,0xDC,0xD3,0x82,0x4F,0x41,0xA5,0xE0,
    0x9D,0x3D,0xE6,0xB1,0x69,0x03,0x5F,0xC7,0x50,0x07,0xE1,0xC6,0x88,0xD5,0x8E,
    0xAB,0xA7,0x7E,0x39,0x70,0x28,0xAC,0x1B,0x21,0xE8,0x5D,0x5F,0x58,0xBB,0xED,
    0x34,0x66,0x9D,0x33,0x15,0x20,0x2C,0x16,0x68,0xDF,0xD7,0xFE,0xE5,0x5E,0x39,
    0x1B,0x49,0xB0,0x9F,0xF6,0xB3,0x76,0x94,0xA8,0x24,0x3C,0x3A,0x8E,0x53,0xF0,
    0x4E,0x40,0xF4,0x77,0xF5,0xFD,0xC5,0x03,0xAB,0x68,0x43,0xB3,0xEF,0x59,0x38,
    0xF3,0x38,0xBE,0x8F,0x96,0x7B,0xE2,0x34,0xC4,0x86,0xAE,0x08,0x30,0x6C,0xD0,
    0x7C,0x9B,0x98,0xFF,0x00,0xAC,0x40,0x8A,0x40,0x5D,0x29,0x26,0x17,0xB5,0xD6,
    0xF9,0x83,0xC4,0x9B,0xEA,0x63,0x26,0xB5,0x10,0x66,0xE1,0x68,0x38,0xCB,0x50,
    0xB1,0x0B,0x8D,0xDD,0x30,0x86,0x35,0xEC,0x42,0xF9,0x6D,0xCB,0x20,0x1D,0x9C,
    0xBA,0xC4,0xA7,0x73,0x3B,0x07,0x8F,0x9C,0x23,0x4A,0x08,0xF8,0x7D,0x7C,0xED,
    0x7E,0xF2,0x62,0x59,0xC2,0xEB,0x35,0xEB,0x16,0xD7,0x3A,0x40,0x86,0x9B,0x7A,
    0xC0,0xA4,0xB0,0x91,0xF0,0x3E,0x1E,0x79,0x84,0x29,0xF9,0x00,0xDB,0xCB,0xE3,
    0x5F,0xDC,0x12,0x11,0x69,0x16,0xD4,0xBE,0x0D,0x6F,0x13,0xB8,0x09,0x30,0x14,
    0x86,0x94,0xF8,0xCE,0x4D,0x25,0x38,0x3F,0x0F,0x0D,0x1F,0x4E,0x75,0x41,0x62,
    0x13,0x14,0xF4,0x71,0x9F,0x58,0x57,0x8D,0x50,0xB4,0xAE,0xEA,0xCF,0x13,0x3E,
    0xB1,0xF0,0x59,0x05,0xFA,0x26,0x21,0x1B,0xF4,0xB2,0xAD,0x3E,0x90,0x66,0x3E,
    0x21,0x54,0xDC,0xB4,0x08,0x28,0xA1,0xDD,0xEF,0x8E,0x31,0xD9,0x93,0xB6,0x7C,
    0x10,0x68,0x6D,0x71,0xAB,0x3E,0x41,0xD2,0x8A,0xE2,0xD6,0xFE,0x26,0x3D,0xDD,
    0x28,0x88,0x37,0xDB,0xAD,0x7F,0x99,0xEC,0x77,0x00,0x4D,0x8F,0xB2,0x5A,0xEE,
    0x4C,0x0D,0xA2,0x1D,0x3E,0x0F,0xDE,0x51,0x58,0x17,0xC8,0xAD,0xCF,0xC3,0xFB,
    0x90,0xEE,0x19,0x0A,0x08,0x56,0xFF,0x00,0xED,0x62,0x8C,0xD8,0x80,0x22,0xE4,
    0x3A,0x1D,0x23,0xCF,0x72,0x00,0x8C,0x93,0x28,0xF9,0x9A,0xF7,0xA7,0xAC,0x75,
    0xE3,0xC3,0xB0,0x41,0x6F,0x63,0x7D,0xFB,0xC9,0xE2,0x1C,0x6B,0x2F,0x55,0xA0,
    0x8A,0x68,0x9F,0x32,0x4F,0xD8,0xA8,0x43,0xB7,0x85,0xEF,0x69,0x96,0xB1,0x0A,
    0x0C,0x50,0x22,0xC8,0xF1,0xB0,0xCB,0xC3,0x0B,0x6C,0xDF,0x8F,0x43,0x99,0xDE,
    0x78,0xEA,0xA2,0x6B,0xA9,0x75,0xE6,0x3C,0x8E,0x32,0x78,0x83,0xBC,0x9D,0x03,
    0x68,0x58,0x24,0x13,0x0D,0xF2,0x8C,0x51,0x23,0x57,0x0E,0x9A,0xAE,0xBE,0x18,
    0x65,0x13,0x63,0x46,0xFD,0x6D,0x27,0x0C,0xA7,0x51,0xA2,0x55,0x7E,0xCF,0x86,
    0x6D,0x7A,0x5D,0x21,0x09,0x5F,0xDE,0x6D,0xC8,0xAB,0x53,0x82,0xB4,0x7E,0x3F,
    0xB8,0xC9,0xF3,0x0A,0x9B,0x87,0xFE,0xF5,0x84,0xF0,0xB6,0x17,0x94,0x09,0xF3,
    0x2E,0x54,0xFD,0x34,0xEB,0x62,0x30,0x9A,0xB1,0x49,0x72,0xC8,0x09,0xDB,0x00,
    0xD2,0x68,0x17,0x6A,0xFE,0xF3,0x55,0x50,0xA8,0xBD,0x0D,0x02,0x9A,0x7C,0xF3,
    0x05,0x84,0x62,0xBF,0x7B,0xAF,0x2A,0x18,0x9A,0xC6,0xDE,0x5B,0x1E,0xEF,0x3E,
    0x78,0xE6,0xC2,0xE4,0xDC,0x88,0xD0,0x02,0x7A,0x0F,0x2C,0x31,0xF6,0x29,0x7B,
    0x9C,0x41,0x86,0x90,0x05,0x00,0xC1,0x23,0xC9,0x00,0xB2,0x88,0xB7,0xB2,0xEF,
    0x4C,0x5D,0xAF,0xD7,0xB8,0x86,0x40,0x49,0x1B,0x35,0xF3,0x10,0x42,0xED,0xE6,
    0xAB,0xC6,0xA7,0x3B,0x03,0xDE,0x1A,0x51,0x2F,0xB0,0xD2,0x56,0x9D,0x79,0xAF,
    0xBC,0xD0,0xE1,0x2A,0xEF,0xDB,0xF5,0xCF,0xCD,0xC1,0xE6,0xE0,0xD2,0x1C,0xAD,
    0xFE,0x5C,0x02,0x72,0x72,0xE4,0xED,0xD3,0x06,0x90,0x8E,0x41,0x37,0x45,0xEA,
    0x4F,0x67,0x2E,0x44,0xF4,0x80,0x2A,0x90,0x03,0xE0,0xAF,0xD9,0xF3,0x94,0x5B,
    0xE0,0xE2,0x49,0x53,0xD8,0x1F,0xED,0x8E,0x8D,0xB5,0x1F,0x97,0x93,0xB6,0x04,
    0x69,0xD4,0x2A,0x88,0x38,0x19,0x09,0x44,0x02,0x78,0xEB,0x39,0x74,0x06,0x84,
    0x22,0xC5,0x18,0xD3,0x86,0xDC,0x8D,0x34,0x0D,0x97,0xFC,0xE5,0xDE,0xE7,0x71,
    0xF5,0x3D,0xBF,0x66,0xB2,0x6B,0x01,0xB0,0xB5,0x5E,0xDF,0xC1,0x83,0x70,0x53,
    0x81,0x3B,0x4B,0xA2,0x4B,0x4E,0xB3,0x29,0x54,0x87,0x6C,0x3A,0xC8,0xF6,0x50,
    0x99,0x5A,0xC4,0xE3,0x49,0x72,0x78,0x7E,0x37,0x9D,0x01,0xE6,0xC6,0xAE,0x3D,
    0xEE,0x7C,0xD8,0x94,0xC1,0x72,0x6E,0xDD,0x13,0xCF,0x9F,0xD6,0x6C,0x2A,0x0C,
    0x56,0x64,0x49,0x63,0x7A,0x9B,0x08,0x5A,0x40,0x0C,0xBB,0x7A,0xA1,0xF3,0xBC,
    0x8F,0x84,0x24,0x51,0xA9,0x14,0xE1,0xFC,0xE2,0xE8,0x2D,0x72,0xD9,0x03,0x5D,
    0x0B,0xC2,0xE5,0x7F,0x79,0xBC,0xC5,0x91,0x30,0xD9,0x2C,0x48,0x6E,0x8A,0xE9,
    0x50,0xD2,0x30,0x82,0x08,0xEF,0x3C,0xE0,0x6C,0x8E,0x7F,0x47,0xA1,0xD8,0x66,
    0xAD,0x24,0x1F,0x18,0x12,0xE3,0x2A,0x08,0x1D,0x85,0x33,0x23,0x73,0xEC,0xCB,
    0x01,0x46,0xA7,0xE6,0x7F,0xAE,0xE0,0xFC,0x75,0xD3,0x65,0x4D,0x7E,0xCC,0xDB,
    0x3C,0x60,0x94,0xA0,0x60,0xD2,0x03,0xCC,0x0C,0x65,0x85,0x20,0x26,0x00,0xF1,
    0xA8,0xC8,0x5E,0x75,0x43,0xAB,0xD2,0xE9,0xC7,0xC3,0x99,0x45,0x8B,0x2F,0x16,
    0x52,0xA0,0x2E,0x75,0x19,0x85,0x84,0x26,0x2F,0x79,0xFC,0xC8,0x03,0x17,0xC5,
    0xD2,0x09,0xB0,0x69,0x48,0x5B,0xC5,0x71,0x86,0xCA,0x60,0x20,0xD3,0x58,0x2E,
    0xB0,0x32,0x38,0x54,0xB1,0x05,0x2A,0x9F,0x99,0x9C,0x40,0x68,0xD5,0xF6,0xC4,
    0xE0,0xC7,0x58,0xCF,0x51,0x4D,0x66,0xE9,0x78,0x50,0x41,0x0C,0xD0,0x8E,0x74,
    0x26,0x32,0x90,0xD1,0x36,0x17,0xA3,0x45,0xCC,0x05,0xAB,0x44,0x24,0x9F,0x30,
    0x5C,0x99,0x07,0x37,0xDF,0xC4,0x26,0x25,0x60,0xE2,0xA0,0xD2,0xE7,0xE3,0x2F,
    0xEF,0x9B,0x9D,0x88,0xA1,0xD7,0x9E,0x46,0xC3,0xC2,0x19,0xFB,0x6B,0x8E,0x20,
    0x1A,0x74,0x25,0xD7,0xFF,0x00,0x00,0x64,0xDF,0x3F,0x94,0x53,0xA1,0xB0,0xD5,
    0xE2,0xE5,0x68,0x3B,0x9D,0x88,0xDA,0xD5,0xBB,0xE5,0xB7,0x11,0xB7,0x83,0xF5,
    0x08,0x8D,0xE8,0x6E,0xB1,0xCE,0x9B,0x54,0xC8,0x2F,0x09,0x3C,0x68,0x6B,0x07,
    0x9C,0x9C,0xED,0x6B,0x9E,0xE2,0xA7,0x2E,0x00,0xBF,0x90,0x2E,0x8A,0x29,0xB3,
    0xF7,0x1C,0x54,0x98,0x1B,0x19,0xCA,0x84,0x81,0x64,0x76,0x06,0x51,0x7B,0xC5,
    0x48,0xEE,0xB8,0x04,0x34,0xE9,0x84,0xAF,0xC3,0x5F,0xF2,0xEE,0x44,0xA1,0x1B,
    0x4A,0xAB,0xFE,0xC7,0xA3,0x54,0x09,0x44,0x04,0x0C,0xA1,0x26,0x81,0x8D,0x11,
    0x36,0x23,0xC8,0xC0,0x89,0x86,0x02,0x56,0xAF,0x4B,0x34,0xB4,0x85,0x06,0xA4,
    0xE7,0x20,0x6C,0xDE,0x26,0x41,0x8E,0xE6,0x28,0x43,0xD6,0x25,0x1E,0xC6,0x0B,
    0xE0,0xDD,0x39,0x48,0x1D,0xB8,0xD3,0x45,0xD9,0xA8,0x38,0xB5,0x92,0x17,0xD8,
    0x1E,0xCC,0x4F,0xAB,0x81,0x62,0x44,0x48,0x49,0x52,0x1C,0x72,0xF7,0xF5,0x03,
    0xC2,0xDB,0xB0,0x96,0xD7,0xEB,0x26,0xCE,0x63,0xC1,0x48,0x17,0x1D,0x65,0x76,
    0xEE,0x39,0x0A,0xC4,0xAE,0x85,0xED,0x2D,0xF5,0xE4,0xF0,0x14,0x3B,0x74,0x41,
    0xC9,0x13,0xA7,0x1B,0xC8,0xAC,0x87,0x23,0x51,0xE1,0xB3,0xAC,0xCB,0x0E,0xF2,
    0x78,0xC2,0x80,0x05,0x4F,0x01,0x5D,0x63,0x70,0x06,0x7D,0xD3,0xF8,0xD3,0x18,
    0xDA,0xEF,0x07,0xEB,0xE3,0x1A,0xDD,0x3B,0x2E,0xD2,0x03,0x64,0xC0,0xAC,0xC3,
    0x00,0xF4,0xFD,0x42,0x2F,0x4E,0x5D,0x75,0x3B,0xE7,0x84,0x23,0x90,0xBA,0xAD,
    0x77,0x88,0x2A,0xA1,0x75,0x32,0xBC,0x28,0xB5,0xEF,0x98,0xB7,0xF4,0x51,0x37,
    0x52,0x86,0x6C,0xF4,0x63,0x73,0xE8,0x4B,0xDB,0x41,0x02,0xA1,0x1D,0xC7,0x27,
    0x9B,0x76,0x78,0x42,0x9A,0x17,0x14,0xE0,0x09,0x5B,0x60,0x55,0x5F,0x03,0xDB,
    0xEC,0x3A,0x7C,0x63,0xBF,0xB1,0x02,0x40,0xDC,0x30,0x0B,0x16,0x89,0xCC,0xA5,
    0x19,0x3F,0x8D,0xD5,0xA8,0x43,0x25,0x04,0xB4,0xF6,0xCA,0xFF,0x00,0x64,0x6F,
    0xCB,0xDE,0x87,0x30,0x3D,0x12,0xD8,0xC0,0xF8,0x5B,0xAC,0xF9,0xFA,0xCD,0x1E,
    0x1F,0x5D,0x1D,0xED,0x32,0x51,0x26,0xE2,0xF3,0x0B,0xE1,0xD9,0xDD,0x4C,0x69,
    0x8D,0xE3,0x21,0xB9,0xA5,0x98,0x70,0x01,0x45,0x46,0xA6,0x05,0x96,0x00,0xC9,
    0x83,0x4B,0xEF,0x11,0x31,0x7B,0x18,0xDF,0xF7,0x00,0xE9,0xEC,0x27,0x78,0xD1,
    0x21,0x1A,0xA7,0x2E,0xC1,0x0D,0xA2,0x13,0xDC,0x1B,0xE3,0x5C,0x30,0x52,0xE7,
    0xCE,0xF5,0xBD,0x72,0x8C,0x19,0x44,0x2E,0x87,0x6D,0xAF,0xDD,0x1D,0xC6,0x4C,
    0x3B,0x10,0x3A,0x22,0x14,0x41,0x3A,0x6F,0x28,0x66,0x5D,0xAA,0x57,0x1F,0x54,
    0x7C,0x00,0xCB,0x43,0x35,0x91,0x9E,0x6E,0x33,0x45,0xB1,0x70,0x4D,0xAB,0x45,
    0xE8,0x79,0xB0,0xB0,0xFB,0x60,0xF8,0x02,0xB7,0x1C,0x8E,0x13,0x74,0x45,0xF0,
    0xC6,0x3A,0xF7,0xB5,0xB8,0x5A,0xF6,0x17,0xDE,0x41,0x1A,0x03,0xAE,0xA7,0x5C,
    0xBA,0x68,0x90,0xC1,0xBD,0x92,0x3D,0x4D,0xB4,0xD0,0x32,0xEB,0x47,0x98,0x51,
    0xD3,0xBE,0xB0,0x65,0x87,0xAF,0x42,0xA2,0x3B,0x22,0x58,0xC3,0x31,0x66,0xC5,
    0xE0,0xAB,0xEB,0x3D,0xF2,0xA3,0x3A,0x0C,0xEE,0x21,0x00,0x0D,0x1C,0x43,0x7D,
    0xDB,0xDB,0x2F,0x9A,0x9F,0x66,0x8A,0x66,0x8C,0xA4,0x9A,0xD3,0x3D,0xC1,0x38,
    0x11,0x70,0xA5,0xEF,0xA6,0x8A,0x48,0xF1,0x07,0x4E,0x40,0xAC,0x4F,0xA8,0x35,
    0xD4,0xDF,0x29,0x0F,0x3C,0x60,0x6D,0xE1,0xA0,0x42,0xC3,0xA8,0x51,0x75,0x74,
    0x15,0x03,0xAC,0x93,0x73,0x21,0x05,0x8C,0xC1,0xD1,0x15,0x1F,0x2C,0x09,0x22,
    0x4D,0xFB,0xCD,0xCA,0xCB,0xE4,0x31,0xBF,0x03,0xEE,0xB9,0xD1,0xE2,0x41,0xD6,
    0xBC,0x4D,0x82,0xF2,0xCC,0x9B,0xBC,0xD9,0x81,0x18,0xD3,0xBB,0xF2,0x3B,0x95,
    0x73,0x76,0xB1,0x4C,0x84,0xFA,0x92,0x60,0xA3,0x99,0x8D,0x99,0xA5,0x2F,0x28,
    0xED,0xA3,0x2F,0x67,0x01,0x49,0xC3,0xE7,0x93,0xC5,0xF0,0x03,0x81,0xE8,0x63,
    0xB6,0x95,0xB4,0x9E,0x73,0x47,0x2D,0xFD,0x64,0xA1,0x95,0xAC,0x94,0xD0,0x72,
    0x7E,0x80,0xD8,0x20,0x33,0xF0,0x22,0x80,0x2B,0xA3,0x60,0x01,0xC0,0x40,0x63,
    0x86,0xEE,0x90,0x0C,0x1B,0x9B,0x9C,0x13,0xDD,0x9D,0xA3,0x8B,0x62,0xB1,0xC5,
    0xA5,0xBF,0x40,0x89,0xED,0x98,0x60,0x14,0x9B,0xC9,0xB3,0xCC,0xA8,0x53,0x41,
    0xDD,0x6C,0xA1,0x46,0x46,0x81,0x70,0xD1,0x48,0xC9,0x97,0x55,0x74,0x7B,0x2C,
    0x20,0x32,0x68,0x3E,0xCA,0x54,0x5C,0x8D,0x24,0x25,0x96,0xD3,0xDF,0xE3,0x19,
    0xA7,0x9F,0x7A,0xF3,0xA8,0xAF,0xCF,0x32,0x50,0x86,0x5D,0xE7,0x83,0xB8,0x58,
    0x2C,0xB1,0xCF,0x27,0xDF,0xD9,0x41,0x2C,0x44,0x0C,0xC5,0x64,0x5C,0xEB,0x10,
    0xDA,0x61,0x74,0xF6,0xEF,0x29,0x3A,0x81,0xAF,0x5E,0xAA,0xD0,0xD8,0x22,0xE1,
    0x4E,0xA4,0x93,0xBA,0x02,0xB1,0xD0,0x57,0x56,0x93,0x1E,0xCB,0x1B,0x47,0x28,
    0x8B,0xC8,0x04,0xE9,0xF3,0x8D,0x33,0x40,0x90,0x80,0x1F,0x02,0xAF,0x17,0xDB,
    0x28,0xE2,0x1A,0x7D,0xC2,0x08,0x2B,0x55,0xD7,0x5D,0x98,0xA2,0x4C,0x10,0xBB,
    0xC0,0xE6,0xC8,0xF1,0x96,0x40,0x69,0xFA,0x30,0x50,0xEE,0x16,0x7E,0x71,0x47,
    0xDE,0x36,0x07,0x50,0x2B,0xEC,0x9B,0xAE,0xCC,0xDE,0x11,0x66,0x45,0x38,0x85,
    0xAE,0x14,0x5C,0x56,0xF1,0xE1,0xD0,0xAF,0x82,0x35,0xE8,0x08,0x60,0x67,0x1A,
    0x51,0xC6,0xE8,0xA2,0x43,0xC0,0xF3,0x01,0x2B,0x83,0x99,0x4B,0x56,0x37,0xC5,
    0x81,0x30,0xA1,0x3E,0x70,0x42,0x10,0xC4,0x8B,0x5F,0x19,0x3D,0x27,0x76,0x21,
    0x74,0x76,0x3F,0x60,0x19,0xCC,0x5E,0x3D,0xE4,0x8A,0xC8,0x1F,0x0D,0xB5,0x88,
    0x7A,0x7F,0x6B,0x12,0x8A,0xEE,0x3E,0xC4,0xF0,0x77,0xB7,0xBE,0xA2,0xC2,0xB2,
    0x90,0x00,0xD8,0xC6,0x91,0x08,0x00,0x07,0xF6,0x4D,0xAB,0xDD,0x04,0x7D,0xCF,
    0xC4,0x19,0x63,0xE9,0x07,0x2E,0x0D,0x8A,0x81,0xC8,0xA0,0xBA,0x3F,0x0B,0x8F,
    0x59,0x30,0xD8,0x86,0x0B,0xBD,0x24,0x7B,0xAC,0x60,0x28,0xAD,0x16,0xE4,0x79,
    0x75,0x73,0x69,0x4B,0x7B,0x3D,0xA6,0x68,0xA8,0x46,0x35,0x88,0x45,0x0D,0xCC,
    0xA4,0x18,0x36,0xA5,0xBB,0xB3,0x83,0xE2,0x87,0xF4,0xE1,0x23,0x5C,0x2D,0x98,
    0xE5,0x1E,0x2C,0x5D,0x29,0x5F,0x23,0xCE,0x67,0x94,0x64,0x22,0x10,0x37,0x4B,
    0x4F,0x12,0x62,0x61,0x22,0xEB,0x45,0xBE,0x99,0xC1,0x73,0x53,0xD5,0xC2,0x8E,
    0xDE,0xDF,0xCF,0x8C,0x51,0x69,0x22,0xE2,0x3D,0x1D,0xFA,0x3A,0x21,0xAC,0xF1,
    0x4B,0x10,0x0D,0xA8,0x33,0x52,0xC2,0x7A,0x31,0x48,0x6E,0x1A,0x4D,0x14,0xD3,
    0xC0,0x3E,0x33,0xB0,0x41,0x55,0xD4,0x06,0x46,0xDA,0x24,0x4C,0x08,0xEE,0xFD,
    0xB3,0x42,0x5F,0x9C,0xFF,0xDA,0x00,0x0C,0x03,0x01,0x00,0x02,0x00,0x03,0x00,
    0x00,0x00,0x10,0xC8,0x5A,0x58,0x49,0x43,0x4E,0x22,0x75,0xB8,0x63,0xE9,0x2A,
    0x43,0xEA,0x8B,0x0C,0xD4,0x2E,0x9A,0x61,0xE2,0x91,0x34,0xE8,0x53,0x48,0x1E,
    0x8F,0xFB,0xE9,0xBF,0x3E,0x6D,0x24,0x03,0x3D,0x5A,0x68,0xE5,0xE8,0x14,0xA6,
    0x37,0x47,0x41,0xAF,0x8A,0x2A,0xDA,0x38,0x8E,0x11,0x19,0xB0,0xFE,0x41,0x15,
    0xA9,0xA1,0x1E,0xDE,0x57,0x2F,0x6A,0xD5,0x4B,0x17,0x0B,0x77,0x72,0x92,0xA7,
    0xA9,0xD3,0xC3,0x2A,0xDA,0x55,0xEB,0x9B,0x3C,0xB2,0x00,0x64,0xB5,0x2B,0xDE,
    0x89,0x00,0x59,0xFF,0xC4,0x00,0x25,0x11,0x01,0x00,0x02,0x02,0x01,0x03,0x04,
    0x03,0x01,0x01,0x00,0x00,0x00,0x00,0x00,0x00,0x01,0x11,0x21,0x00,0x31,0x41,
    0x51,0x61,0x71,0x81,0x91,0xA1,0xF0,0xB1,0xC1,0xE1,0xD1,0xF1,0xFF,0xDA,0x00,
    0x08,0x01,0x03,0x01,0x01,0x3F,0x10,0x25,0xA0,0xD1,0xD5,0xDC,0x61,0xE2,0x42,
    0x62,0x3C,0xF1,0x2F,0x4E,0x70,0x53,0x47,0xB2,0xFF,0x00,0xBF,0x63,0x09,0xC8,
    0x5B,0xD1,0xAF,0x6E,0x71,0x88,0x02,0x63,0x8E,0x53,0x1F,0x34,0x55,0x6B,0x2B,
    0xDA,0x3A,0x62,0x9C,0x15,0xB9,0x2C,0x3D,0xEF,0x01,0x04,0x59,0xA3,0xBD,0x4C,
    0x61,0xC8,0x21,0x4E,0xA0,0xFE,0x60,0xC0,0x67,0x79,0x39,0x67,0xBF,0xCE,0x5B,
    0x8C,0x74,0x09,0x72,0x00,0x93,0x56,0xFE,0x3E,0x72,0x98,0xAA,0x78,0xED,0x5D,
    0x2F,0x0D,0xBE,0x94,0x89,0xD0,0xFB,0xD7,0x27,0xA5,0xD4,0x1F,0x87,0xF7,0x8B,
    0x9A,0x8C,0xA6,0x7F,0x0E,0xD8,0x17,0x28,0x58,0x9E,0x67,0xAF,0xEB,0x12,0x9A,
    0x0E,0xD7,0x8A,0xF9,0xC1,0x3A,0xC5,0xA5,0x75,0xBE,0x99,0x00,0xC2,0x57,0x07,
    0x1E,0xDD,0x33,0x9E,0x88,0x58,0x3A,0xF9,0xFD,0x60,0x1B,0x41,0xE7,0x8F,0x97,
    0x29,0xF4,0xFE,0xFA,0x61,0x33,0x33,0xF8,0xEF,0x38,0x50,0x49,0x63,0x89,0xF6,
    0x8C,0x09,0x21,0x25,0xF5,0xED,0xE9,0x78,0x81,0x62,0x6F,0xA7,0xAC,0x65,0x10,
    0x83,0x8B,0x86,0x38,0xA8,0x4F,0x47,0xC2,0x38,0x09,0x79,0x48,0x81,0x4A,0x67,
    0x6B,0x06,0xBD,0x3A,0x71,0x8A,0x23,0x2E,0x9C,0x97,0xBD,0x6B,0x19,0x06,0x24,
    0xA5,0x56,0x4D,0x47,0x66,0x49,0x9E,0x8F,0x17,0x46,0xB8,0x19,0x26,0x63,0xE1,
    0x9E,0xB8,0xC4,0x84,0x53,0xAE,0x19,0xBC,0x59,0x43,0xB9,0xED,0x8D,0x18,0x27,
    0xAC,0x64,0xD2,0x92,0x7C,0x62,0xEA,0x43,0x3D,0x33,0x59,0x1F,0x38,0x42,0xB3,
    0xE9,0x82,0x40,0x7B,0x60,0xAD,0x53,0xD8,0x31,0xA8,0x04,0x43,0xAB,0xE4,0xFD,
    0x63,0x95,0xC4,0x81,0xC7,0xE7,0x08,0xC0,0x1B,0xE9,0xAA,0xAF,0x3E,0x99,0x1A,
    0x38,0x45,0x93,0x8B,0xBF,0x6C,0x84,0xC0,0xCE,0xFC,0x5C,0x62,0x5C,0xE0,0x86,
    0x7F,0x18,0x08,0xA2,0x8F,0x79,0xA8,0xC6,0x13,0x41,0xC7,0x7E,0x27,0xEE,0xB0,
    0xB4,0x97,0xDB,0x32,0xC4,0xBC,0x48,0x3A,0xA5,0xF7,0xC4,0x27,0x4C,0x7D,0x78,
    0xFB,0x58,0xC6,0x9F,0x46,0x7D,0xE3,0xEF,0x38,0x52,0xBA,0x7E,0x7F,0x58,0x16,
    0xB5,0x35,0xEB,0x17,0x88,0x10,0x4A,0x1E,0x3B,0xEF,0x2B,0xC1,0x29,0x99,0x7E,
    0x31,0x50,0x69,0xC5,0x9A,0x3F,0x4F,0x5F,0x4C,0x28,0x41,0xDD,0x6B,0xDB,0x8A,
    0xC5,0x4C,0x24,0x90,0xDE,0xE3,0x25,0x4D,0xC0,0x47,0x48,0xDD,0x61,0xA7,0x95,
    0xE7,0x04,0x4C,0xF2,0xF1,0xCE,0x68,0x53,0x30,0x3D,0xAF,0xD3,0x34,0x0C,0x9F,
    0x8C,0x47,0xB0,0x2F,0xB6,0x49,0x2D,0x35,0x7C,0x6B,0xEF,0xF3,0x0B,0x55,0xA1,
    0xFD,0x64,0x04,0x0F,0x9E,0xFF,0x00,0x67,0x15,0x63,0x48,0xAE,0x3E,0xC6,0x2E,
    0x00,0xA6,0x20,0x58,0x6E,0x74,0x73,0xC4,0xF9,0xFD,0x74,0xC8,0x05,0x18,0xAF,
    0x04,0xFC,0xE5,0x13,0x40,0xF5,0xFE,0x60,0x1B,0x7A,0xCC,0xCF,0x1D,0x7B,0x38,
    0x28,0x24,0x2D,0xEF,0xAF,0xCC,0xE5,0xD1,0x34,0x1E,0xD0,0xC6,0xF4,0x49,0x13,
    0xBD,0xFD,0xFA,0xE2,0x2E,0x84,0x2F,0xB5,0x60,0x30,0xE9,0xE3,0x15,0x8D,0xA8,
    0x1F,0x57,0xF4,0xDC,0x79,0x32,0x68,0x08,0xD5,0xDF,0x7C,0x22,0xA5,0x9A,0xFB,
    0xE7,0x2E,0x27,0x75,0x1D,0xD6,0x0A,0xF5,0x7E,0xB1,0x9A,0x2B,0x1D,0xB8,0xBC,
    0xC9,0x3D,0x75,0xF7,0xF1,0x92,0xD1,0xF7,0x58,0x88,0xEA,0x70,0x40,0x97,0xC6,
    0x30,0x2D,0x3B,0xF8,0xF7,0xC3,0x31,0x6F,0x08,0x34,0xE1,0x48,0x0C,0x2D,0xF5,
    0xFF,0x00,0x87,0x19,0x30,0x49,0x47,0xA2,0xAA,0x70,0x74,0x98,0xFD,0xC6,0x1B,
    0xE7,0x12,0xC7,0x4E,0x35,0xED,0x3A,0x98,0x54,0x30,0x05,0x27,0x9A,0x6B,0x55,
    0x1C,0x6B,0xA5,0x60,0x8C,0xAA,0x0F,0xCF,0xEB,0x29,0x76,0x50,0xFA,0x6F,0xF3,
    0x38,0xA4,0x37,0x8D,0xDF,0x4A,0xD7,0x19,0x20,0x08,0x87,0xE3,0x05,0x6E,0x9B,
    0xF4,0x97,0xE3,0x19,0xA6,0x11,0xDF,0x2C,0x92,0xF9,0x98,0xBE,0xDD,0x2B,0x25,
    0x55,0x91,0x89,0x6E,0x58,0x83,0x09,0x1F,0xA6,0x41,0x71,0x5B,0xA9,0x8A,0xE6,
    0x31,0x22,0x68,0xC4,0x3A,0xAE,0x98,0xC2,0xF8,0x94,0x4E,0xE1,0xBC,0x14,0x09,
    0x60,0x8E,0x90,0x1F,0x19,0x2A,0x5E,0x20,0x32,0x25,0x04,0x21,0x73,0xC3,0xB3,
    0x5D,0xFD,0xF2,0xA8,0x51,0x32,0xAA,0x2A,0x8E,0x4E,0x32,0x63,0x52,0xC1,0x9C,
    0xA5,0xAC,0xC4,0xF3,0x3F,0x4C,0x00,0x0D,0xC4,0xF7,0xAF,0x3E,0xA9,0x5C,0x64,
    0xDE,0x57,0xC7,0x18,0x07,0x9C,0x41,0x21,0xA2,0x20,0xE8,0xE4,0x64,0xD4,0x97,
    0x88,0x30,0xC0,0x29,0xB0,0x92,0x48,0x6D,0x3A,0x65,0xE9,0x03,0x0C,0x61,0x2A,
    0x0C,0x04,0x7B,0xF4,0xCD,0xDD,0x31,0x04,0x05,0x73,0xFC,0xCB,0x22,0xA1,0x32,
    0x11,0x2F,0xAB,0x1F,0x18,0xA4,0x12,0x6B,0xAD,0xE4,0x04,0xD2,0x1D,0xF6,0x1F,
    0xD1,0x8E,0xBD,0x5F,0x98,0xFF,0x00,0xBE,0xF8,0xA4,0x10,0xFC,0x8E,0x3E,0x71,
    0x81,0x08,0x53,0x98,0x93,0xF0,0x7D,0x30,0x25,0x0E,0x65,0x26,0x39,0x69,0x60,
    0xDE,0xB5,0xCF,0x18,0xA4,0x6D,0xE4,0xBA,0x9E,0x9E,0x7A,0x71,0x71,0x90,0x01,
    0x1C,0xCC,0x26,0x7D,0x7F,0x99,0x1D,0xE2,0x6C,0x2C,0xEF,0x18,0x2F,0x22,0x75,
    0x93,0xC0,0x11,0x1D,0x9F,0x11,0xD7,0xE5,0xE3,0x1C,0x60,0x41,0xD0,0x98,0x92,
    0x63,0x7C,0x26,0xAB,0xD6,0xE8,0x0D,0xB6,0x77,0xEB,0x19,0x04,0x87,0x06,0x1D,
    0xD6,0xEB,0x90,0xA4,0x28,0xE7,0xD7,0xF7,0xF6,0xCC,0xAF,0x0B,0x5C,0x7A,0x7F,
    0xC5,0xF4,0xC9,0x1A,0x95,0x5E,0x53,0x58,0x80,0x13,0xB1,0x3D,0x6B,0xC6,0xBC,
    0x61,0xBA,0x49,0xD7,0xD7,0xDB,0x1B,0x59,0x5B,0x03,0xAA,0xCC,0xC4,0x73,0x77,
    0xE3,0x11,0xC2,0x6C,0xA8,0xDE,0x51,0x44,0xC0,0x77,0x81,0x7A,0xEC,0x30,0x06,
    0xDD,0x74,0x41,0xFB,0xC8,0x44,0x69,0x1F,0xEB,0xFE,0xE1,0x39,0x11,0xCA,0x12,
    0xFB,0x46,0x1D,0x4D,0x1E,0x58,0x5F,0xC1,0x88,0x47,0x89,0x44,0x4F,0x8C,0xEA,
    0x67,0x63,0xC5,0x1B,0x0F,0xF7,0x36,0xB5,0x57,0x82,0x99,0xA2,0xB6,0x43,0x33,
    0x57,0x57,0x02,0xA4,0x2E,0x9B,0x27,0xCE,0x59,0x94,0xA5,0x74,0xF1,0xE9,0x38,
    0x15,0x81,0xE9,0xD7,0x6F,0x1D,0x70,0x95,0xA1,0x0A,0x75,0xD7,0xFC,0xC9,0xC3,
    0x64,0x9E,0xEC,0x61,0xDE,0x64,0x07,0x51,0x24,0xBE,0x60,0x7C,0xBD,0x37,0x85,
    0x4D,0x26,0xD1,0x22,0x12,0x62,0xD2,0x53,0x93,0x4B,0x52,0xA9,0x83,0xA1,0x31,
    0xBE,0x3A,0x93,0xDB,0x87,0xD6,0x0C,0x21,0x12,0x79,0x5B,0xF4,0xD9,0x33,0x8F,
    0x4F,0x26,0xAA,0x48,0xA4,0x3C,0xF5,0x98,0x19,0x21,0x9D,0x60,0x3B,0x40,0x46,
    0xEA,0x9D,0x31,0xB8,0xE6,0x7A,0x73,0x8B,0x91,0x4E,0xCE,0xFD,0xC8,0xF7,0xE9,
    0xE3,0x1E,0xB6,0xEC,0xFE,0x47,0xDE,0x6B,0x11,0x18,0x66,0xCF,0x59,0x91,0xF9,
    0xC9,0xB5,0x20,0x1D,0x69,0xE3,0x9F,0x7C,0x5D,0x5C,0x97,0x5D,0xC9,0xD6,0xF1,
    0x93,0x84,0x79,0xD6,0x03,0x17,0x51,0x7A,0xC2,0x58,0xEA,0xB5,0xEA,0x9C,0xDE,
    0x2A,0x6A,0x84,0x88,0x66,0x6A,0x48,0xAF,0x99,0xCB,0xA1,0x41,0x7B,0x95,0xF7,
    0x5B,0xC0,0x92,0xC1,0x46,0xE2,0xE5,0x87,0xFB,0x91,0xB9,0x76,0xA0,0x02,0x1D,
    0xF8,0xC6,0x52,0x42,0xA7,0xB5,0x06,0x92,0xF5,0xC7,0x9C,0xD3,0x00,0x1E,0x65,
    0xD8,0x1D,0x8F,0xF3,0x0E,0x71,0x08,0x87,0x93,0x9D,0xFB,0xB0,0x75,0xD6,0x98,
    0x14,0x40,0xD8,0x43,0x49,0xAD,0x7B,0xE5,0x16,0x27,0x04,0x29,0xF0,0x7E,0xF1,
    0x77,0xA7,0xAA,0x68,0x8E,0xBE,0x82,0x3D,0x75,0x8E,0x85,0x11,0x20,0x1C,0xDF,
    0x21,0x55,0x3B,0x7A,0xB8,0xDE,0x26,0x3A,0x13,0x2F,0x97,0x05,0x60,0x87,0x47,
    0x6F,0x33,0x80,0x44,0x1E,0x6E,0xD5,0xE2,0xDC,0x44,0x54,0x42,0xD3,0x1E,0x88,
    0x7C,0x4E,0xF0,0x40,0x00,0x1B,0x6E,0x08,0xA5,0x6E,0xA6,0x38,0xDE,0x41,0xB0,
    0xD4,0xA8,0x44,0xFF,0x00,0x63,0x7B,0xED,0x41,0x89,0x30,0x56,0x01,0xF5,0xFB,
    0xD3,0x0D,0x9B,0x5C,0x83,0xCD,0x6F,0x0F,0xB4,0x37,0xDE,0x76,0xCF,0x57,0xAE,
    0x27,0x58,0xFB,0xBD,0x81,0x7E,0xDE,0x07,0x6A,0x23,0xFE,0xF6,0xD7,0x6E,0xD8,
    0x57,0x28,0x0C,0xF8,0xDE,0xBD,0x72,0x75,0x43,0x60,0x23,0x02,0xB8,0x26,0xA0,
    0x79,0x29,0x6E,0xD5,0xC9,0xA5,0x6A,0x9B,0x8D,0x3F,0xBC,0x38,0x94,0xA3,0x57,
    0x1C,0xCA,0x4D,0xF8,0xB9,0xD3,0xD4,0xE8,0xA6,0x4F,0xA3,0xBF,0x45,0x23,0x91,
    0x71,0xFD,0x07,0xFC,0xC8,0x20,0x4C,0xF8,0x9C,0x0B,0x95,0xD7,0x3A,0xA8,0xFB,
    0xEB,0x97,0x20,0x0B,0x26,0xEB,0xA6,0xBE,0xFB,0xE3,0x69,0x64,0x9C,0x3C,0x47,
    0x59,0xEB,0x92,0xC4,0x41,0x1A,0x8A,0x67,0xF3,0xBC,0xD6,0xF2,0x80,0xC7,0x5F,
    0xE7,0x6C,0x45,0x40,0x7C,0x9C,0xF9,0xC4,0x5A,0x07,0xCF,0xE7,0x0B,0x50,0x9E,
    0x92,0x7B,0xDE,0x5C,0x30,0x83,0x19,0x81,0x6D,0x83,0x71,0xD0,0xC5,0x76,0x6A,
    0x19,0x2E,0x0F,0xF7,0x1E,0xF3,0x31,0x6D,0x4A,0xDC,0x49,0xA8,0x8A,0xF4,0x9E,
    0xF8,0x64,0x8D,0xC9,0x7B,0xF4,0xE9,0x1D,0xE6,0x31,0x9B,0xB0,0xF3,0x5F,0x24,
    0xE4,0x72,0x03,0x3D,0x1D,0x47,0xC6,0x40,0xD2,0x6B,0x85,0x66,0x7F,0xCC,0xDC,
    0x51,0xE6,0x2F,0xA1,0x58,0x92,0x31,0x76,0xA9,0xAD,0x40,0x0C,0xCF,0x24,0x91,
    0xD5,0xC5,0x8A,0x50,0x99,0xE7,0xEF,0x4C,0x08,0x00,0x21,0x0B,0x93,0x75,0x26,
    0x0A,0x62,0x52,0x2E,0x49,0xE6,0x4D,0x8F,0x66,0xF9,0xE9,0x95,0xF2,0x8D,0x55,
    0x31,0xE2,0xCF,0xBC,0xE1,0x09,0x7D,0xBC,0x60,0x52,0xBF,0xDC,0x0B,0x28,0xAE,
    0x71,0x24,0x81,0x04,0x2B,0x90,0x29,0x40,0xEA,0x5B,0xEC,0xF3,0x8D,0x98,0x1E,
    0xEA,0x31,0x80,0xAA,0xFA,0xE2,0x41,0x73,0xFE,0xE0,0xCA,0x29,0x66,0x9C,0x52,
    0xC9,0x8C,0x0B,0x56,0x9A,0xC8,0xCB,0x2E,0x72,0xCB,0xA6,0xF8,0x8C,0x4A,0x2A,
    0x15,0xBE,0xC6,0x47,0x1C,0x1F,0x77,0x9F,0xFF,0xC4,0x00,0x25,0x11,0x01,0x00,
    0x02,0x02,0x02,0x02,0x01,0x04,0x03,0x01,0x00,0x00,0x00,0x00,0x00,0x00,0x01,
    0x11,0x21,0x00,0x31,0x41,0x51,0x61,0x71,0x91,0x81,0xA1,0xB1,0xD1,0xC1,0xE1,
    0xF0,0xF1,0xFF,0xDA,0x00,0x08,0x01,0x02,0x01,0x01,0x3F,0x10,0x30,0x34,0x25,
    0x74,0x14,0xDC,0x7C,0x60,0x4D,0x9D,0x35,0x07,0x16,0x7E,0xF0,0xB2,0xA1,0x44,
    0x4D,0x9D,0x2C,0x4C,0x7C,0x60,0x8A,0x4E,0x12,0xC2,0xC7,0x26,0x28,0x09,0x76,
    0x23,0xC6,0xB7,0xE7,0x20,0x81,0x89,0x21,0x34,0x54,0xDB,0x13,0x1B,0xEB,0x1B,
    0xB2,0x48,0xB5,0x7E,0x3F,0x96,0xB0,0x3C,0x90,0x87,0x3B,0x5E,0x9F,0x4D,0x64,
    0x24,0x8A,0x0A,0xC8,0x97,0x5D,0x56,0xFB,0xC9,0xDA,0x8E,0x16,0x6E,0x5F,0x59,
    0x6B,0x6D,0xB4,0xD4,0x0D,0xCD,0x4E,0x44,0x44,0x65,0x65,0x41,0x04,0x54,0x20,
    0xCB,0x80,0x00,0x99,0x2A,0x55,0x90,0x99,0x9F,0x59,0x46,0x98,0x2A,0x61,0x77,
    0x28,0x43,0x40,0x61,0x80,0x90,0xA6,0x66,0x7E,0x79,0xEF,0xED,0x80,0x7A,0x02,
    0x10,0x79,0x2F,0x92,0x6F,0x2C,0x28,0x23,0x44,0x80,0x45,0xFB,0x6C,0xF5,0x84,
    0x09,0x00,0x0B,0x31,0x17,0xC7,0xBD,0x64,0xE3,0x59,0x44,0x4D,0x92,0xCE,0x31,
    0x96,0x00,0x17,0x70,0xF8,0x63,0xCB,0x8B,0xC0,0x54,0x79,0x0F,0x4F,0x0B,0xE0,
    0xC9,0xB9,0x52,0x02,0xD8,0x01,0xC2,0xC1,0x82,0x29,0x5F,0xDB,0xBD,0x99,0x1E,
    0x90,0x29,0x9B,0xEA,0x77,0x89,0x48,0xF9,0x26,0x2E,0xFA,0x27,0xE3,0x78,0xA9,
    0x54,0x21,0xDB,0x41,0x7C,0xF8,0xD6,0x00,0xC4,0x1B,0xF9,0x37,0xCF,0x4D,0xE2,
    0x9D,0x82,0x0F,0x6D,0x7F,0x3F,0xF3,0x2B,0x41,0x00,0x54,0x0B,0xAB,0x04,0x09,
    0x6D,0x86,0x0E,0x32,0x50,0x00,0x88,0x0C,0x30,0x51,0xD0,0xCC,0x5E,0x71,0x89,
    0x05,0x28,0x46,0xE9,0x9D,0x9F,0xDE,0x12,0x39,0xC0,0x72,0x10,0x8B,0x3A,0x3A,
    0xFF,0x00,0x18,0xC6,0x99,0x6B,0x18,0xAA,0xE0,0x6B,0xDE,0x09,0xB0,0x5B,0x96,
    0x7E,0xEE,0x20,0x11,0x78,0xB7,0xF7,0x84,0xC9,0x57,0x6B,0x37,0x38,0x31,0x52,
    0x55,0x6D,0x15,0xD3,0xEB,0x21,0x04,0x81,0xAD,0x2E,0xFF,0x00,0x11,0x1E,0xF1,
    0x21,0x63,0x81,0x70,0xA1,0x69,0xE5,0x93,0xCE,0x27,0x98,0x37,0x6B,0x3F,0x19,
    0x18,0x60,0x75,0x32,0xFD,0xE7,0x22,0x0A,0x4C,0x9B,0x75,0x5F,0xF2,0x30,0x1A,
    0xA2,0x7B,0x38,0xFD,0xE1,0x8B,0x14,0xB7,0x2D,0xFF,0x00,0xAF,0x0C,0x09,0x60,
    0x5B,0x32,0x44,0xFD,0x78,0xAC,0xDE,0xC4,0xD7,0x72,0x1C,0xE4,0xFE,0xA1,0x97,
    0xB7,0xA9,0x72,0x80,0x82,0xA9,0xF0,0x06,0x64,0xE6,0xDA,0xC0,0x07,0xD1,0x47,
    0x9E,0xB1,0x6C,0x3E,0x5C,0xB1,0x8A,0x11,0x54,0xD9,0xFA,0xC3,0x24,0x4D,0x2B,
    0xFD,0xC3,0x92,0x40,0x44,0x88,0x20,0x7A,0x34,0xFD,0xEF,0x25,0x06,0x14,0x60,
    0x4C,0x68,0x4F,0x45,0xE1,0x12,0x16,0x54,0x9B,0x3C,0x31,0xD6,0x06,0x12,0x17,
    0x0F,0x7A,0x43,0xF9,0xC6,0xF0,0x86,0x74,0x5D,0x85,0xC6,0x1A,0x91,0x13,0x48,
    0x6D,0xF6,0xE3,0x1A,0xE4,0x4C,0x41,0xD6,0xDF,0x79,0x1A,0xAC,0x24,0x34,0x8F,
    0x4F,0x67,0xC6,0x04,0x7A,0x08,0xB9,0xB8,0x77,0xF9,0xD6,0x5B,0x8D,0x1F,0x8F,
    0xD6,0x30,0xDE,0xDE,0xFC,0x87,0xAE,0x30,0xCD,0xC4,0xBA,0xF8,0xF8,0xC1,0x99,
    0xC8,0x35,0xEB,0xA7,0xF8,0xC0,0x88,0x46,0xD7,0xE3,0x9C,0x67,0x22,0x23,0xDE,
    0xEF,0x18,0xA9,0xD2,0x4F,0x4B,0x8A,0x89,0x40,0xCD,0x52,0xC0,0x96,0x9E,0x78,
    0xD7,0xDB,0x13,0xC8,0x30,0x50,0x41,0xBE,0xF1,0x6F,0x26,0xAD,0x7F,0x9C,0x50,
    0x39,0x7C,0xFD,0x59,0x26,0x3E,0x71,0x42,0x8F,0x47,0x51,0x5E,0xB1,0xF5,0x52,
    0x85,0xA7,0x85,0xF3,0xC7,0x7B,0xF3,0x84,0x29,0x56,0xA5,0x5D,0xDA,0xDF,0x9B,
    0xC7,0x84,0xB7,0x79,0x09,0x17,0xF6,0xF5,0x90,0xC0,0x44,0x08,0xAA,0x96,0x40,
    0xFB,0xE3,0x1C,0x48,0x4F,0x8D,0x59,0xE3,0xE9,0x80,0x22,0xCD,0x27,0x90,0x5C,
    0x8A,0x0E,0xE5,0xF3,0x1F,0xF3,0x10,0x0D,0x1B,0xDF,0xB6,0x3E,0xD8,0x82,0x9B,
    0xD9,0xF7,0x9F,0xD6,0x68,0x0D,0x27,0xC7,0x38,0x92,0xED,0x03,0x13,0xA9,0x36,
    0x39,0x24,0x45,0x42,0x1F,0x7F,0xE3,0x0D,0x8B,0x40,0x22,0x51,0xCC,0x17,0xA0,
    0x9F,0xF8,0xE0,0x52,0x0A,0xD6,0x9F,0x51,0x1B,0x35,0x82,0x27,0x08,0x16,0x9B,
    0x16,0xBE,0x93,0x1E,0xA7,0x12,0xC0,0x6F,0xFA,0xAC,0x4B,0x1F,0x42,0x7F,0xDE,
    0x73,0xEB,0x8F,0xC6,0xFF,0x00,0x78,0xC0,0x3A,0xA8,0x1B,0x7D,0x19,0x7E,0x7B,
    0x05,0x80,0xA4,0xBD,0x46,0x38,0xE4,0x62,0x0F,0x32,0x51,0xFD,0x61,0xC2,0xBB,
    0xD9,0xEE,0x7F,0x87,0x78,0xC4,0x5F,0xE4,0x5F,0xC9,0x93,0xFC,0x45,0x45,0x02,
    0x13,0x13,0xC4,0x9A,0x98,0x96,0x8E,0x70,0x22,0xE0,0x44,0x86,0x49,0x11,0xD2,
    0x7A,0xAF,0x39,0x1C,0x4E,0x6F,0xF7,0xFE,0xEB,0x1C,0x37,0x44,0xBF,0x20,0xFD,
    0xF1,0x86,0xBD,0xD3,0xEA,0x23,0xDC,0x1F,0xE2,0x71,0x10,0xB0,0x85,0xEB,0xFB,
    0x1C,0x62,0x9C,0xE0,0x2D,0x9A,0x23,0x9D,0x5D,0xEB,0x00,0xA8,0x41,0x59,0x03,
    0x21,0xEC,0x48,0x4B,0x74,0x6D,0xBC,0x04,0xA4,0xFA,0xF5,0xE3,0x05,0x32,0x43,
    0xFB,0xFC,0x63,0x79,0x48,0xE3,0x43,0xC4,0x06,0x43,0x6D,0xF5,0x78,0xCA,0x96,
    0x36,0x26,0xD7,0x68,0xBF,0x9C,0x4A,0xDD,0x3D,0x26,0x18,0x70,0x33,0x5D,0x5D,
    0xFE,0x31,0x0A,0x5B,0x58,0xF8,0xBF,0xDE,0x4E,0x2E,0x1C,0x04,0xA4,0xC6,0xEE,
    0x84,0xC4,0xC2,0x38,0xC0,0xB3,0x53,0x53,0x0A,0xD8,0x60,0xA7,0x7B,0x8E,0x70,
    0x09,0x71,0x5A,0x38,0x4E,0x67,0x10,0x96,0x40,0x4C,0x73,0xAF,0xEF,0x25,0x3C,
    0x09,0x28,0xBE,0x45,0x1F,0xA8,0x3D,0xE4,0x4C,0x23,0x6D,0x4C,0xF8,0xFF,0x00,
    0x39,0xA7,0x68,0xEB,0x0E,0x41,0x3D,0x0A,0x84,0x83,0x8A,0x69,0x38,0x8E,0xD4,
    0xA8,0x0A,0x0C,0x31,0x41,0x40,0x25,0x60,0x2E,0xDB,0x1A,0x8E,0x2B,0x8C,0x18,
    0x0D,0xF7,0xF9,0x78,0xFB,0xE0,0x60,0xA7,0xAF,0x9C,0x25,0x2C,0x81,0x46,0x37,
    0x3C,0x0E,0x26,0xAC,0x02,0x2C,0x1C,0xCE,0xE1,0xAE,0x71,0x14,0xA4,0xB6,0x2F,
    0x83,0x1C,0x09,0x4B,0xF2,0x4B,0xFA,0x6B,0x12,0x11,0x4A,0x17,0x54,0x64,0xF2,
    0x21,0x91,0x81,0x0D,0x12,0x24,0x67,0xB4,0x9A,0x6A,0x4C,0x4B,0x10,0x4E,0x1A,
    0x30,0x09,0x2B,0x9D,0xF4,0xBA,0xAA,0x9E,0x39,0xCB,0x37,0x20,0x34,0xB1,0xB9,
    0x89,0x2E,0x90,0x15,0x92,0x14,0xAA,0xC9,0xB6,0x25,0xD6,0x55,0xFA,0xED,0x89,
    0x9A,0x83,0x41,0x8A,0xAC,0x80,0x84,0xD3,0x3C,0x4E,0xBF,0x58,0x8E,0x05,0xAD,
    0x73,0xC5,0x64,0xC8,0x98,0x17,0x0D,0x28,0x28,0x91,0xB1,0x68,0xE8,0x13,0x1B,
    0x12,0xA8,0x32,0x85,0x4C,0x45,0x41,0x05,0x64,0x4D,0x30,0xD6,0x09,0x32,0x07,
    0xF9,0x83,0x12,0x14,0x91,0xF5,0xF9,0xC1,0x99,0x5A,0x97,0xDF,0x9F,0x58,0x43,
    0xB0,0x5C,0x27,0x55,0x4B,0x17,0x77,0xC4,0x79,0xC4,0x52,0x84,0x36,0x5F,0x27,
    0x1C,0x60,0xD6,0xC3,0x0F,0x41,0x1F,0x18,0x22,0x03,0x0D,0x3E,0xDC,0x7F,0x1B,
    0x3E,0x22,0x36,0xFD,0x63,0x55,0x98,0x42,0x79,0x02,0x74,0xAD,0x81,0x06,0x88,
    0xC8,0x84,0x0D,0xBB,0xD4,0x6D,0x9E,0x03,0xF8,0xC5,0x8A,0xDB,0x51,0x1F,0x49,
    0x84,0x89,0xDC,0xC4,0xC9,0x0C,0xC8,0xE6,0x6A,0x6D,0x57,0xDF,0x50,0x8F,0xA6,
    0x27,0x91,0xC0,0x78,0xFB,0xB4,0xEB,0x1E,0x51,0x34,0x20,0x1E,0xA5,0x57,0x9D,
    0xBC,0xFA,0xC2,0x09,0x8B,0x0E,0xAC,0xEB,0x9C,0xA3,0x54,0x93,0x9D,0x3E,0xFA,
    0xC8,0x6F,0x00,0x8B,0xA8,0x93,0xA7,0x77,0x87,0x63,0xA0,0x14,0x89,0x26,0xC2,
    0x08,0x86,0x69,0x99,0x01,0xE6,0x0F,0x40,0x4B,0x2B,0xFE,0x9C,0x3C,0x11,0xC9,
    0x99,0xF1,0x64,0x7F,0x39,0x25,0x54,0x0B,0x86,0x9C,0xAB,0x11,0x13,0xA3,0x2E,
    0x32,0x0B,0xBE,0x12,0x71,0x83,0xA3,0xA7,0xAF,0x2C,0x08,0x96,0x31,0x02,0xB4,
    0x00,0xA2,0x6D,0x0D,0x38,0xB8,0xE3,0x90,0x09,0x29,0xA2,0xD4,0x83,0x04,0xA4,
    0x90,0x39,0x0F,0x23,0xC1,0x0F,0xB0,0xF6,0x1A,0xB0,0x52,0xF1,0x7F,0xF0,0x10,
    0x3F,0x52,0x00,0xE2,0x46,0x75,0xE4,0x10,0x00,0x49,0x46,0xCC,0xA8,0x2C,0xA0,
    0x0C,0x2D,0x81,0xBA,0x0B,0x43,0x22,0xD9,0x9D,0x6C,0x82,0xD6,0x52,0x89,0x25,
    0x15,0x45,0x65,0xA5,0x92,0x18,0x59,0x30,0x24,0x08,0x09,0x28,0xC8,0x69,0xC5,
    0x2D,0x9D,0x7D,0x62,0xF8,0xBC,0x12,0x42,0x41,0x83,0xB2,0x01,0x86,0x14,0xF8,
    0x51,0x8A,0x75,0x88,0xB7,0x97,0xC9,0xF3,0x1C,0x6B,0x22,0x18,0x80,0xE9,0x22,
    0x38,0xF2,0xA5,0x9F,0x7C,0x21,0x04,0x97,0xC8,0x46,0xED,0x6B,0x23,0x6D,0x98,
    0x38,0xF6,0x98,0xBD,0xA4,0x61,0x18,0x9B,0x0A,0x44,0x4C,0xC1,0x0A,0xF5,0x87,
    0x26,0x28,0x53,0x32,0x8A,0x24,0xB6,0xDB,0x28,0xF9,0x31,0x81,0xD4,0x6B,0x74,
    0xFC,0x47,0xD6,0xF1,0xB4,0x2A,0x16,0x1E,0x03,0xD9,0x3B,0x2B,0x13,0xB9,0x29,
    0x61,0x3A,0xB6,0x9E,0xFF,0x00,0xEC,0xE1,0x60,0x22,0x65,0xA2,0x4A,0xEF,0x95,
    0x37,0x1E,0x91,0x8E,0x4C,0xDA,0x45,0x67,0xDA,0x58,0x13,0x44,0x4A,0xC4,0xB1,
    0x8C,0x21,0x4A,0x6D,0xB4,0x25,0x1A,0x98,0x25,0x78,0x00,0xA5,0x0A,0x17,0x02,
    0x58,0x88,0x84,0xA9,0x61,0xC4,0x6A,0x4B,0x8D,0xCC,0x11,0xB6,0x47,0x4A,0x1B,
    0xED,0x5F,0xD3,0x08,0x14,0xCC,0x08,0xB6,0x50,0xE2,0x0D,0xEF,0x41,0x6C,0x17,
    0x8E,0xAD,0x23,0xB1,0x30,0xB2,0x4E,0x59,0x27,0x15,0x69,0x24,0xF0,0x46,0xE6,
    0x50,0x87,0x10,0x6D,0x3C,0xCD,0x64,0xC0,0xC4,0x6E,0x04,0xD7,0x00,0x8F,0xAA,
    0xE3,0xA9,0x15,0x8A,0x03,0x47,0x5F,0xB6,0x2E,0x48,0x4A,0x28,0x43,0x53,0x02,
    0x57,0xB3,0x0A,0x42,0xC1,0x17,0x2A,0x65,0x45,0xB4,0xA0,0xEF,0x71,0x18,0xC0,
    0x40,0x43,0x26,0x82,0x15,0xA5,0x21,0x42,0xED,0xB2,0xB0,0x94,0x0D,0x03,0x25,
    0x2C,0x43,0x2C,0x91,0xA6,0x59,0xED,0xC0,0x62,0xA9,0x60,0x21,0x0A,0xB1,0xCF,
    0x78,0xF0,0xB0,0x04,0x85,0x2A,0x06,0x68,0x38,0x08,0x8E,0x30,0x24,0x57,0x34,
    0x09,0xE0,0x05,0xF1,0xD7,0xCE,0x3E,0x92,0x40,0x49,0x12,0x98,0x46,0xF4,0xC4,
    0x8F,0x1C,0xE1,0x36,0x20,0x03,0x6A,0x0B,0x3E,0xE2,0x62,0x22,0x1E,0xB0,0x00,
    0x8D,0x28,0x02,0x30,0x0C,0xB6,0x95,0x30,0xA0,0x34,0x0C,0x8B,0x43,0x2C,0x4C,
    0xBE,0x6A,0x78,0xF1,0x2C,0x86,0x71,0xA4,0x38,0xC0,0x4B,0x26,0x50,0x08,0x40,
    0x51,0x87,0x29,0x5A,0x22,0x89,0x8A,0x72,0x20,0xA0,0xAB,0xD0,0x0E,0x43,0x92,
    0x15,0xC9,0x15,0x80,0x49,0x40,0x16,0x26,0xF8,0x86,0xE2,0x31,0x88,0x91,0x05,
    0x64,0x41,0x83,0xBB,0xD1,0xF7,0xAC,0x59,0xD7,0x30,0xD1,0xB5,0x43,0xC7,0x73,
    0x91,0x0E,0x9A,0x1D,0x69,0x82,0xBB,0xFB,0x60,0x60,0x50,0x03,0x16,0xF0,0xB0,
    0x75,0xD6,0x3E,0x8A,0x99,0xA7,0x6E,0x35,0xCE,0x32,0x40,0x6C,0x84,0xD4,0x6F,
    0x89,0x86,0xF2,0x3C,0xB4,0x52,0x78,0x8F,0x5C,0x71,0x88,0x59,0x54,0x8F,0x0B,
    0xF7,0xBC,0x93,0xCE,0x92,0x9B,0x49,0x11,0x26,0x09,0x68,0xE7,0x0C,0x61,0x4F,
    0xAF,0x11,0x7B,0x98,0xD6,0x3A,0x69,0x50,0x1B,0x53,0x6A,0xA5,0x69,0x8B,0x02,
    0x00,0x02,0x32,0x43,0x4D,0x18,0x52,0x3A,0x92,0x16,0x9E,0x28,0xB2,0x98,0x44,
    0x15,0xA1,0x82,0xB4,0x05,0xA8,0x2A,0x38,0x8F,0xAC,0xE0,0x0C,0x51,0x51,0x6B,
    0x71,0xC4,0xF3,0x8A,0x85,0xDA,0xA4,0xE7,0x4D,0xDF,0xD3,0x20,0x63,0xC4,0x1A,
    0x5B,0xE2,0x12,0xBE,0x2F,0x28,0x8A,0x8D,0x02,0x46,0xA2,0x25,0x64,0xDC,0xAA,
    0x25,0x40,0xCD,0x32,0x42,0xA0,0xC0,0x29,0x15,0x33,0xBE,0x66,0x7E,0xD8,0xFA,
    0x00,0x88,0x44,0x36,0x70,0xA3,0x13,0xBE,0x72,0x24,0x13,0xB4,0x83,0x42,0x18,
    0xD0,0x22,0xE1,0x85,0x34,0x30,0x15,0xC0,0xC9,0x48,0xA8,0x8B,0xA8,0x21,0x0B,
    0x11,0x66,0x63,0x80,0xDC,0xFD,0x31,0x90,0x04,0x1D,0x25,0x65,0x32,0x0C,0x4C,
    0xC5,0xC9,0x8E,0x07,0x67,0x4E,0x2F,0x21,0x90,0x03,0xB4,0x3E,0x12,0x1F,0x8C,
    0x50,0x6D,0xD4,0x59,0xF2,0x5F,0xFB,0xD6,0x49,0xD1,0xB3,0xF6,0xF8,0xFA,0x65,
    0xE8,0xA7,0x80,0xC6,0xE6,0x24,0xD4,0x9A,0xF5,0x8C,0xBC,0x73,0x65,0xC9,0x45,
    0xEF,0xEF,0x93,0x54,0x2C,0x78,0xF1,0x81,0x62,0x09,0xB5,0x70,0xBA,0xC1,0xB9,
    0x09,0xE4,0xDF,0xBC,0xB7,0x51,0x64,0x9C,0x89,0x18,0x37,0x82,0x96,0x01,0x7D,
    0xBB,0x8F,0x1A,0xC9,0xAC,0xEC,0x7D,0xF1,0x9F,0xFF,0xC4,0x00,0x1F,0x10,0x01,
    0x01,0x01,0x01,0x01,0x01,0x01,0x01,0x01,0x01,0x01,0x01,0x00,0x00,0x00,0x00,
    0x01,0x11,0x21,0x00,0x31,0x41,0x51,0x61,0x71,0x91,0xA1,0xF0,0xFF,0xDA,0x00,
    0x08,0x01,0x01,0x00,0x01,0x3F,0x10,0x6E,0xAD,0xB6,0x71,0x2A,0xC3,0x52,0x80,
    0x15,0x78,0xFA,0xF2,0x24,0x14,0x14,0xB1,0x05,0x00,0x84,0x95,0xB7,0x80,0x94,
    0xC2,0x12,0x21,0x41,0x9A,0xF7,0x7C,0xFE,0xDE,0x53,0x8A,0xC8,0x6C,0x8A,0x7D,
    0xD0,0xB4,0x67,0x8E,0x5A,0x98,0xD1,0x83,0xA0,0x8F,0xEB,0x02,0xC7,0x9C,0x8A,
    0x61,0x14,0x28,0x1E,0xF1,0x60,0xEF,0x92,0x6A,0x4B,0x7B,0x3E,0xAD,0x41,0xA0,
    0x7A,0x1E,0x4C,0xA3,0xEF,0x0D,0x66,0xE1,0x7C,0x04,0x09,0x8D,0x83,0xE5,0x53,
    0x93,0x51,0xD1,0xC2,0x7C,0x35,0x0A,0x6E,0x5A,0xBC,0x11,0xBA,0xBC,0x35,0x74,
    0xA9,0x85,0x27,0xEB,0xC6,0x47,0x5F,0xE0,0x88,0x98,0x18,0x71,0x97,0xA4,0xAE,
    0xFA,0x01,0x5A,0x00,0x31,0x48,0xDF,0x9C,0xBD,0xF6,0x40,0xCC,0x89,0xD8,0x85,
    0x40,0x07,0x26,0x9A,0x16,0x23,0x7C,0x8F,0x57,0x42,0x2C,0xE8,0x5E,0x42,0xC7,
    0x14,0xCC,0xB2,0x0A,0x9F,0x47,0xCE,0xA3,0xE9,0x70,0x04,0x96,0x15,0x4A,0x04,
    0x44,0x4F,0x15,0xDB,0xDF,0x83,0x00,0x7B,0xF5,0xC9,0x9F,0xD2,0xA1,0x89,0x87,
    0x35,0x81,0xC9,0xA1,0x80,0x6F,0x9F,0x5B,0xD9,0x74,0x52,0xFE,0xC5,0xE9,0x24,
    0x68,0x8C,0xF7,0xAF,0x4D,0xF4,0x8C,0x80,0x35,0x8C,0xDA,0xA5,0x64,0x7B,0x62,
    0xA6,0x42,0x20,0xCC,0xF8,0x6C,0x4E,0x20,0xF5,0x6A,0xD6,0x7D,0x85,0x94,0x58,
    0x35,0xE2,0xCF,0x00,0x61,0x3B,0x26,0x1A,0xAA,0x09,0xBF,0x9C,0x35,0xC1,0x92,
    0x22,0x22,0x85,0xA4,0x8F,0x16,0xD6,0xF2,0xA5,0x71,0x56,0x97,0x6A,0x84,0x5D,
    0x45,0x00,0x90,0x57,0xA0,0x84,0x38,0xD4,0xB0,0x9E,0x06,0xA9,0x63,0x33,0xF9,
    0xCB,0xA0,0x89,0xB0,0xD4,0x20,0x44,0x5C,0x06,0x43,0xFC,0xE8,0xF0,0xDE,0xB9,
    0x10,0x58,0xED,0x9E,0xFE,0xB9,0x41,0x40,0x6E,0x7F,0x82,0x33,0x54,0xC8,0x08,
    0x88,0xFE,0x28,0xFC,0x80,0x82,0x04,0x15,0x5F,0x05,0xBC,0x1F,0x0D,0x90,0xF9,
    0x4B,0xBB,0x06,0x83,0x4B,0xE9,0xA3,0x66,0x7A,0xE6,0x31,0xAF,0x52,0xE2,0x28,
    0x68,0xF4,0x60,0x62,0xFE,0xF3,0xCE,0x51,0x64,0xC1,0x08,0xAA,0xCB,0x58,0x17,
    0xD4,0x07,0xAF,0x01,0x97,0x43,0x3D,0x99,0x83,0x4F,0xAF,0xA2,0xCF,0x78,0xDA,
    0x1C,0x49,0x80,0x84,0x38,0x33,0x7D,0xFF,0x00,0x7A,0x26,0x77,0x94,0x85,0x01,
    0xAC,0xB1,0xBB,0x5E,0x70,0x88,0x52,0x22,0x16,0xA8,0x1F,0x4E,0x47,0xC4,0xDF,
    0x79,0x3B,0xB0,0x48,0xC4,0x88,0xA8,0x81,0x09,0xB3,0x8F,0x8E,0x81,0x06,0x68,
    0xA8,0xB4,0x4B,0x44,0xA5,0xEF,0x60,0x89,0xB5,0x8D,0x16,0xD6,0x88,0x97,0x9C,
    0x12,0xFD,0x45,0xA4,0x8B,0x2A,0xDF,0x1F,0x87,0xAD,0xAB,0x2E,0x5D,0x8E,0x40,
    0x8B,0x58,0x99,0x3D,0xE1,0x1A,0xC3,0xEF,0x1F,0x48,0x91,0x01,0x5F,0x1F,0xFB,
    0x6C,0x69,0xDB,0x39,0x83,0xCB,0xC3,0x19,0xCA,0x15,0x92,0x2E,0x88,0x95,0x06,
    0x39,0xD9,0xE5,0x0A,0xF3,0x20,0x65,0x9C,0x33,0x6A,0xDA,0x22,0xC9,0x3E,0xC8,
    0xD7,0xDD,0x50,0xA0,0xCD,0x35,0xE7,0x5F,0x83,0x1F,0x0E,0x90,0xAA,0x24,0x33,
    0xD1,0x5F,0x69,0x1F,0x6B,0x1C,0x7A,0xAA,0x7F,0xB0,0x66,0xF6,0x86,0x3B,0xC3,
    0x2C,0x16,0x1F,0x60,0xC1,0x3F,0x38,0x65,0xB0,0xA2,0x18,0x28,0x7B,0xEA,0x7E,
    0x8E,0x98,0x09,0x68,0xA6,0x44,0x6E,0xBE,0x49,0xE0,0x3F,0x44,0x3E,0xAD,0x68,
    0xE8,0x14,0x04,0xB2,0xC3,0xCB,0x6E,0xDE,0xD4,0xC9,0x0A,0x06,0xA8,0x49,0x5D,
    0x73,0x68,0x8F,0x05,0x4D,0x63,0x60,0x70,0x3C,0xBC,0xD6,0x05,0x13,0xE2,0x4A,
    0x1A,0x91,0x50,0xC9,0xC4,0x4C,0x9D,0x70,0xE4,0x48,0x4A,0x16,0xA0,0xA5,0xE1,
    0x09,0xEE,0x0D,0xA0,0x1D,0xB4,0x4B,0x13,0xEB,0x6C,0xDB,0x42,0x0A,0x90,0x74,
    0x12,0x43,0xF4,0x62,0x07,0x26,0xA4,0xD4,0x28,0x2B,0xCB,0xFE,0x8C,0x03,0xC0,
    0x1F,0x05,0x9A,0xCD,0x6E,0x12,0x39,0xAB,0x09,0x20,0x36,0x10,0xD4,0xB9,0xAD,
    0x06,0x72,0x0D,0x00,0xB8,0x15,0x90,0x02,0xAB,0xA0,0xBE,0x73,0x42,0xF0,0x07,
    0x18,0x6F,0x83,0xE1,0xA2,0xFA,0x71,0x21,0x25,0x84,0x24,0x82,0x8B,0xE2,0x85,
    0x7D,0x64,0xE4,0xCB,0x6C,0xD8,0x18,0xAE,0x27,0xB3,0xEB,0x5C,0xB2,0x25,0x94,
    0x05,0x49,0xF2,0xD3,0xFF,0x00,0x9B,0xC3,0x17,0x96,0x57,0x7A,0xDA,0x79,0x3F,
    0xF6,0xF2,0xAF,0x32,0x4A,0x83,0x2B,0x66,0x3A,0x90,0x3C,0x28,0x65,0x86,0x91,
    0x22,0x86,0x20,0x9F,0x1A,0x18,0x13,0x02,0x1A,0xA9,0x5D,0x12,0x20,0x44,0x4A,
    0x1E,0x4C,0x60,0x89,0x48,0x8B,0x7E,0x22,0xDA,0xC7,0x5E,0x39,0x01,0x07,0x44,
    0x84,0x0A,0x05,0x60,0x7E,0xE5,0x5E,0x8C,0x21,0x65,0xB2,0xF7,0x00,0x76,0xB3,
    0xDC,0xB3,0xC4,0x4F,0xD2,0x66,0x82,0x0A,0x00,0x3B,0xDA,0xA5,0x5B,0xB5,0xB6,
    0x74,0xC1,0x00,0xEC,0xAC,0xC7,0x1E,0x94,0x67,0xAD,0x39,0xE9,0xF9,0xA7,0x55,
    0x6F,0xA0,0x2B,0x32,0x86,0x2A,0xDF,0x38,0x0C,0xF1,0x42,0xBC,0xC8,0x47,0x8A,
    0x0D,0x54,0xC8,0x98,0x66,0x80,0x8C,0x3E,0x0C,0x1F,0xF4,0x27,0x5C,0x56,0x81,
    0x79,0x4A,0x3A,0x14,0x54,0x4F,0x61,0xA4,0xE3,0x48,0x5B,0x51,0x25,0xB1,0xF0,
    0x9B,0x67,0xFC,0xE5,0xE0,0xC1,0xF1,0xC8,0x74,0x42,0x30,0x31,0x65,0x42,0x52,
    0x23,0x41,0x20,0x07,0xE6,0x25,0x08,0x88,0x95,0xFE,0x14,0x71,0x91,0x10,0x31,
    0xB2,0xA9,0xE0,0x37,0x72,0x1C,0x85,0x25,0xB8,0xA8,0x34,0xDE,0x17,0xDA,0xCE,
    0xBB,0xC8,0x9B,0x2D,0x11,0xD0,0x72,0xEB,0xA2,0xA6,0x45,0x9A,0x99,0xBC,0x80,
    0x51,0xFA,0xD9,0x05,0xD2,0xBA,0xC3,0xC0,0x79,0x8F,0xC9,0xC5,0x13,0x04,0x24,
    0x44,0x95,0xE2,0x98,0x3D,0x76,0xBF,0x6E,0x0A,0x0A,0x7E,0xC9,0x06,0x42,0x8E,
    0xFB,0xC7,0xA0,0xBA,0x74,0xFF,0x00,0x38,0x14,0xC0,0xDD,0xE9,0x8E,0xFC,0x56,
    0x53,0x39,0x18,0x9A,0x82,0x31,0xAD,0x13,0x94,0x59,0x0E,0x7A,0x8C,0x52,0x6A,
    0xCE,0x12,0xD9,0x46,0xC1,0x13,0xD4,0x96,0x35,0xBB,0x39,0xA0,0xD3,0xDA,0xA0,
    0x1F,0x0F,0x49,0xAB,0x01,0xE5,0xD5,0x3A,0x95,0x90,0x4A,0x6E,0xCC,0x90,0xDC,
    0x02,0x86,0xF4,0xE0,0xC2,0xD0,0x24,0xC1,0x3E,0xE7,0x16,0x45,0xBB,0x44,0x2A,
    0x30,0xBE,0xA7,0xC5,0x56,0xB5,0x82,0xFF,0x00,0x67,0x07,0x2B,0x61,0xF9,0x9D,
    0xE6,0x8A,0x37,0xBA,0xFA,0xB0,0x1F,0x5C,0x38,0x5B,0x19,0x83,0xD1,0x03,0x41,
    0x47,0xE2,0x38,0x10,0x77,0xF0,0x16,0x33,0xDA,0xAA,0xD0,0x87,0x2D,0x78,0x75,
    0x40,0xF2,0xE3,0x2A,0xE5,0x7B,0x42,0x2D,0x75,0xFB,0x32,0xD0,0xB4,0xBF,0xCE,
    0x61,0x8A,0xD8,0x36,0x08,0x2D,0x88,0xC7,0xDB,0xCC,0x67,0x15,0x71,0x90,0x41,
    0x18,0x34,0x37,0xF2,0x6F,0x0E,0x10,0xDF,0x8F,0xBC,0x12,0xD4,0x42,0xF9,0x4A,
    0xA4,0xBE,0xB4,0x35,0x0D,0x8B,0x05,0x17,0x69,0xDB,0x19,0xC0,0x0A,0xD9,0x6D,
    0x14,0x02,0x8F,0xDE,0x44,0x48,0x32,0x46,0x56,0x06,0x09,0x5A,0x6A,0xD2,0xFA,
    0x69,0xD4,0x9A,0x04,0x0A,0x24,0x06,0xD1,0x95,0xE4,0xB5,0xAF,0x5A,0xBF,0xD8,
    0x69,0xD8,0xB0,0x0D,0x5B,0x64,0xE3,0x9E,0x02,0xE4,0x51,0x0B,0xCB,0xEF,0x42,
    0x2D,0x02,0x30,0x0C,0x28,0xDC,0x27,0x0D,0xC8,0x08,0xF7,0xB3,0x11,0x02,0xA5,
    0x4A,0x4E,0xFA,0x90,0x3F,0xCB,0xAD,0x4C,0xA6,0x64,0xF4,0x2D,0x18,0x34,0x10,
    0xC7,0x92,0xAE,0x32,0x98,0xAF,0x64,0xD5,0xA1,0x99,0xFD,0xA3,0xCD,0x46,0x35,
    0xD0,0x0F,0xA0,0x73,0x52,0xBC,0xB1,0xF5,0x1A,0x46,0x60,0x39,0x0F,0x97,0x0E,
    0xE8,0xC7,0x5A,0x39,0x4A,0x42,0x78,0xA2,0x40,0xC4,0xB7,0x38,0x1A,0x20,0xEE,
    0x0A,0xDB,0x10,0x59,0x0A,0x7A,0x19,0x9D,0x79,0x8D,0xDB,0x50,0x97,0x86,0x58,
    0x44,0x4E,0x7E,0x79,0x52,0xC8,0x50,0x91,0xB1,0xF2,0x83,0xD6,0xEA,0x08,0x45,
    0xC8,0xAD,0xAD,0x09,0x24,0x18,0x74,0xE3,0x77,0x1D,0x40,0xD6,0x42,0xD0,0x8D,
    0x49,0x46,0x39,0xF6,0x24,0x7A,0x48,0xB0,0xC5,0x02,0x80,0xAF,0x1F,0xC3,0x11,
    0xEE,0x44,0x3C,0xB2,0x5C,0x6F,0x84,0x11,0xDC,0x5E,0x92,0x79,0x19,0xDC,0xC2,
    0xBB,0x97,0xBA,0x90,0xDA,0xB2,0x6B,0x67,0x0D,0x1E,0x2C,0xEF,0xB0,0xBC,0xB9,
    0x10,0xEA,0xD3,0x4A,0x31,0x18,0x01,0x6B,0xC1,0x2D,0x50,0xE3,0x43,0x46,0x30,
    0x1B,0x8A,0x9B,0x4E,0x84,0xB6,0x27,0x29,0xED,0x5D,0xF6,0x6D,0x7C,0x47,0x4C,
    0xF0,0x62,0x67,0x22,0x61,0x9C,0x94,0x60,0x48,0xF1,0x91,0x80,0x94,0x06,0x91,
    0x6D,0x6A,0xE1,0x8D,0xF2,0x6C,0x0D,0x86,0xB5,0xFE,0x79,0xA3,0xB8,0xC0,0x63,
    0xDD,0x3D,0x37,0xE4,0xCA,0xCE,0x24,0x0F,0xE2,0x3B,0x19,0xA0,0xBB,0x6E,0xE6,
    0xDE,0x3B,0x2A,0xB2,0x88,0x3B,0xA3,0x68,0xC5,0x17,0x49,0x6F,0x38,0x32,0x85,
    0x89,0xA0,0x78,0xBA,0xC4,0xF2,0x60,0xC2,0x1E,0x22,0x1C,0x2B,0x88,0x50,0x05,
    0xCB,0x28,0x29,0x4D,0x6A,0x12,0xA0,0xF2,0xCB,0xE4,0x53,0x7F,0xCA,0x52,0xBE,
    0x24,0x77,0x57,0x4B,0xD3,0x95,0x14,0x86,0x2C,0x04,0x86,0x3A,0x83,0x10,0xF0,
    0x87,0x33,0x41,0x0D,0xC0,0xB2,0x7A,0xF6,0x90,0x51,0x8D,0x8A,0x81,0x33,0x9F,
    0xB3,0x2C,0x3E,0x61,0x11,0xD4,0x2D,0x40,0x0F,0x22,0xD2,0xF5,0xEA,0x60,0xA0,
    0xED,0x80,0xA2,0x6B,0x7D,0x0F,0xBE,0x48,0x42,0xC0,0x55,0xE3,0x38,0x37,0x62,
    0x3E,0x08,0x0D,0x27,0x17,0xF9,0x1E,0x49,0x18,0xF2,0x40,0xE7,0x1E,0xE6,0x02,
    0x7C,0xE8,0x29,0xD1,0x74,0x85,0xE8,0x3F,0x93,0x72,0x72,0xC2,0x81,0x52,0x8A,
    0x22,0x4A,0x88,0x1D,0x2B,0x46,0xA3,0x56,0xA4,0x48,0x00,0xC9,0x86,0xAB,0x84,
    0x06,0xB5,0x92,0xB9,0xAA,0x8E,0xD3,0xC0,0x25,0x0A,0x0A,0x8E,0xCA,0x90,0x30,
    0x41,0x6E,0x58,0x02,0x2A,0x01,0x0F,0x01,0x45,0xB7,0x11,0x31,0x88,0x54,0xDC,
    0xBC,0xFA,0x7E,0x85,0x9B,0x88,0x75,0x5D,0xD6,0x9E,0xE4,0x04,0x05,0x84,0x13,
    0xC4,0x76,0xF1,0x37,0x75,0x74,0x98,0x18,0x94,0x5A,0xA9,0x79,0xFF,0x00,0x52,
    0xB9,0xC6,0xED,0xE7,0x11,0x00,0x23,0x83,0x53,0x5C,0x06,0xB8,0x5C,0x2B,0x78,
    0x08,0x22,0x53,0x63,0x64,0x04,0x94,0x49,0xD4,0x83,0x4B,0x52,0xA3,0x8B,0x05,
    0x1C,0x02,0x3F,0xBA,0xD6,0xA8,0x53,0x0C,0x91,0xF9,0x38,0xA8,0xB8,0x83,0x9B,
    0x2A,0x0C,0x48,0xC0,0x52,0x03,0xE0,0x39,0x9A,0xDC,0x1A,0xC8,0x7E,0x02,0x54,
    0x0E,0x06,0x21,0x4A,0xC2,0x1F,0x60,0xEF,0x10,0x4B,0x4C,0xBF,0xC1,0x08,0x32,
    0xF0,0x5A,0xD7,0x9D,0x93,0xA1,0x7E,0xE4,0x71,0x28,0x85,0xD3,0x8E,0x37,0x68,
    0x1D,0x79,0xE9,0x22,0x86,0x99,0x40,0x68,0xBB,0x8C,0x2B,0xBC,0xF2,0xA1,0x3C,
    0x09,0x83,0x0E,0x0D,0x72,0x5A,0x81,0x44,0xA9,0x47,0x36,0xF8,0x38,0x19,0x74,
    0xB0,0x00,0x80,0x07,0x42,0x32,0x23,0x1B,0x7F,0x6D,0xB8,0x0D,0x42,0xA0,0x23,
    0xEC,0x58,0x92,0x24,0x40,0x61,0xA5,0x6F,0x65,0x34,0x07,0xD0,0xB7,0x94,0x21,
    0x10,0x71,0x10,0x47,0x8E,0x57,0xAD,0x1B,0x82,0x15,0x4F,0x0F,0x1A,0x73,0x07,
    0xF1,0xFB,0x00,0x7E,0x6A,0x6F,0x90,0x2C,0x89,0xC7,0x54,0x1E,0x20,0x8C,0xE9,
    0xC1,0xB7,0x6D,0x2F,0xFB,0x62,0xD8,0x7D,0xD7,0x89,0x01,0xCF,0x9D,0x23,0x10,
    0x94,0x0D,0x09,0x14,0x5A,0x86,0x02,0x54,0x14,0xB7,0xFF,0x00,0x13,0x89,0xB3,
    0x3F,0xBA,0xA1,0x34,0x02,0xFA,0x6F,0x9C,0x71,0x60,0x33,0x43,0x52,0x82,0x42,
    0x63,0x69,0x87,0x06,0x94,0xDC,0x67,0xED,0xF2,0x79,0x9A,0x03,0xCE,0x5A,0x1B,
    0x6A,0x43,0x65,0x92,0xC3,0x4F,0x2E,0x41,0x92,0xA8,0x63,0x29,0x06,0x84,0x1E,
    0x13,0xC8,0xEC,0x64,0x12,0x79,0xA5,0x41,0x0E,0x96,0x7D,0xBF,0x2C,0x9C,0x4A,
    0xA1,0xDC,0xF2,0x00,0x8A,0x8E,0x88,0xAB,0x9F,0x1D,0x22,0xF4,0xAA,0x0F,0xDF,
    0xCF,0xD0,0x72,0xE3,0x17,0x3F,0x11,0x37,0x64,0x54,0x2A,0x06,0x22,0x8A,0xB1,
    0xBA,0x9F,0xC5,0xA7,0x49,0x39,0xEC,0x90,0x4C,0x30,0x68,0xE7,0x07,0xB0,0x79,
    0xC2,0x4B,0x72,0x9C,0x0A,0xAE,0xA6,0x86,0x28,0xE0,0xF3,0xC0,0xCD,0xA4,0x98,
    0x73,0x04,0x68,0xEC,0xDE,0xA3,0x9B,0x1C,0x7A,0x5C,0x70,0x76,0x58,0x5C,0xD3,
    0x0D,0xF4,0x0F,0x52,0xE8,0x70,0x20,0xB6,0xC5,0x2E,0xB2,0x3F,0x42,0xFF,0x00,
    0x84,0xBC,0x9E,0xAC,0x1D,0x98,0xA6,0x02,0x78,0x50,0x12,0x51,0x91,0xB2,0x9D,
    0x50,0x9E,0x61,0x15,0x14,0x92,0x8F,0xCD,0xCC,0x41,0xC4,0x0B,0x86,0x31,0x22,
    0xA9,0xA5,0x6F,0x90,0x60,0x08,0x20,0x20,0x2F,0x88,0x3D,0xC2,0xE9,0xEF,0xAC,
    0xDD,0x27,0x5D,0x6B,0x72,0xEE,0x50,0x03,0x3E,0x75,0x48,0x3D,0x1C,0x86,0x98,
    0xF5,0x2B,0x2C,0x68,0xA4,0x75,0x56,0xB5,0x1C,0x20,0x50,0x1C,0xA4,0x1E,0xA5,
    0x06,0x0D,0x5E,0x34,0xD0,0x42,0x11,0x28,0x15,0x28,0x1D,0xBB,0x89,0x35,0x7D,
    0x00,0x12,0x20,0x8D,0x78,0x9B,0x10,0x53,0x2E,0x50,0x11,0xA6,0x90,0x41,0x5C,
    0x6B,0xF2,0x12,0x1C,0x72,0xAA,0xF4,0x79,0x98,0x50,0xFB,0x8A,0x52,0xF8,0x67,
    0x01,0x3F,0x15,0x2D,0x89,0xD4,0x61,0x73,0x74,0x27,0xB7,0xCE,0xF6,0x85,0x1D,
    0xA1,0xA1,0x72,0x66,0x00,0x47,0xCE,0x86,0xDB,0x31,0xE7,0xF6,0x9C,0xA9,0x17,
    0xDC,0x7D,0x97,0x73,0x3F,0x16,0x97,0x8A,0xC6,0x23,0x95,0xBA,0xBD,0x54,0x20,
    0x42,0x91,0xC9,0xF6,0x12,0xC7,0x86,0x4E,0x21,0x74,0x4B,0xFC,0x7C,0x7D,0x33,
    0xD9,0x75,0x7E,0x60,0x3F,0xD3,0x8A,0x4C,0xA8,0x74,0xE7,0x3D,0x3C,0x02,0x8E,
    0xD7,0x2E,0x44,0x5A,0x49,0x0D,0x11,0x88,0xD1,0x0E,0x7D,0xE3,0x66,0x95,0x96,
    0x10,0x00,0xF0,0x12,0xF2,0x3A,0xC5,0xA3,0x94,0x23,0x47,0x42,0x75,0x9D,0x78,
    0x5F,0x11,0x00,0x79,0x16,0x07,0xC2,0xB0,0x0C,0xE3,0x15,0x29,0xE9,0x48,0xBE,
    0x91,0x8E,0x13,0xC0,0x02,0x47,0x52,0x16,0x9D,0x6A,0x9B,0x02,0x44,0xEE,0x97,
    0xDA,0x0D,0x34,0x91,0x80,0xB0,0xE5,0xB9,0xD1,0xA6,0x81,0x72,0x20,0x50,0xAF,
    0xCC,0x39,0x68,0x55,0x0F,0x44,0x17,0xA0,0x69,0x0F,0xD1,0xE7,0x71,0x10,0x6D,
    0x60,0x0C,0x89,0x81,0x05,0x04,0x33,0x98,0xB7,0x20,0x31,0x53,0xD8,0xC4,0x25,
    0xC0,0x7A,0xDE,0x9E,0xF0,0x57,0x8D,0x44,0x21,0x66,0x14,0x01,0x84,0x05,0x74,
    0x04,0x00,0x80,0x2C,0x28,0x84,0x34,0x52,0xF0,0x44,0x8A,0x74,0x08,0xA1,0x01,
    0x4F,0x0A,0xA1,0xCF,0x5B,0xF5,0xA8,0x03,0x10,0xA4,0x40,0x11,0x74,0x46,0x90,
    0x3E,0x80,0x24,0x12,0x9A,0x8A,0xF7,0xFF,0xD9,
};
/*----------------------------------------------------------------------------*/
/**
 * @var    play_svg
 * @brief  Play icon array with data
 */
static const char *play_svg = 
"<svg height=\"15.999277\" viewBox=\"0 0 4.2332467 4.2331422\" width=\"15.99967"
"2\" xmlns=\"http://www.w3.org/2000/svg\" xmlns:xlink=\"http://www.w3.org/1999/"
"xlink\"><radialGradient id=\"a\" cx=\"26.597826\" cy=\"85.322533\" gradientTra"
"nsform=\"matrix(1.8283176 .01029959 -.00457621 .81237972 -21.640991 15.734292)"
"\" gradientUnits=\"userSpaceOnUse\" r=\"41.631587\"><stop offset=\"0\" stop-co"
"lor=\"#fff\"/><stop offset=\"1\" stop-color=\"#b8b8b8\"/></radialGradient><rad"
"ialGradient id=\"b\" cx=\"32.258918\" cy=\"85.322533\" gradientTransform=\"mat"
"rix(1 0 0 1.1381088 0 -11.783791)\" gradientUnits=\"userSpaceOnUse\" r=\"19.41"
"1093\"><stop offset=\"0\" stop-color=\"#e6e6e6\"/><stop offset=\"1\" stop-colo"
"r=\"#fff\" stop-opacity=\"0\"/></radialGradient><g stroke-linecap=\"round\" tr"
"ansform=\"matrix(.05084176304 0 0 .05084050946 .76434324778 -2.2212671467)\"><"
"circle cx=\"26.597826\" cy=\"85.322533\" fill=\"url(#a)\" r=\"37.952274\" stro"
"ke=\"#000\" stroke-width=\"5.276977\"/><path d=\"m49.588572 85.322533-17.32955"
"1 10.005219-17.329548 10.005218.000001-20.010438-.000001-20.010439 17.329549 1"
"0.005221z\" fill=\"url(#b)\" stroke=\"#050505\" stroke-width=\"7.806179\"/></g"
"></svg>";
/*----------------------------------------------------------------------------*/
/**
 * @var    stop_svg
 * @brief  Stop icon array with data
 */
static const char *stop_svg = 
"<svg height=\"15.999277\" viewBox=\"0 0 4.2332467 4.2331422\" width=\"15.99967"
"2\" xmlns=\"http://www.w3.org/2000/svg\" xmlns:xlink=\"http://www.w3.org/1999/"
"xlink\"><radialGradient id=\"a\" cx=\"26.597826\" cy=\"85.322533\" gradientTra"
"nsform=\"matrix(1.8283176 .01029959 -.00457621 .81237972 -21.640991 15.734292)"
"\" gradientUnits=\"userSpaceOnUse\" r=\"41.631587\"><stop offset=\"0\" stop-co"
"lor=\"#fff\"/><stop offset=\"1\" stop-color=\"#b8b8b8\"/></radialGradient><g s"
"troke-linecap=\"round\" transform=\"matrix(.05084176304 0 0 .05084050946 .7643"
"4324778 -2.2212671467)\"><circle cx=\"26.597826\" cy=\"85.322533\" fill=\"url("
"#a)\" r=\"37.952274\" stroke=\"#000\" stroke-width=\"5.276977\"/><path d=\"m10"
".248762 68.973068h32.698128v32.698933h-32.698128z\" fill=\"none\" stroke=\"#05"
"0505\" stroke-width=\"6.097425\"/></g></svg>";
/*----------------------------------------------------------------------------*/
/**
 * @var    logo_pexels_size
 * @brief  Size of Pexels logo array
 *
 * @var    logo_pexels
 * @brief  Pexels logo array with data
 */
static const int logo_pexels_size = 1046;
static const unsigned char logo_pexels[] = {
    0x89,0x50,0x4E,0x47,0x0D,0x0A,0x1A,0x0A,0x00,0x00,0x00,0x0D,0x49,0x48,0x44,
    0x52,0x00,0x00,0x00,0x64,0x00,0x00,0x00,0x23,0x08,0x03,0x00,0x00,0x00,0x55,
    0x61,0x5F,0xB2,0x00,0x00,0x02,0x49,0x50,0x4C,0x54,0x45,0x00,0x00,0x21,0x4C,
    0x69,0x71,0xFF,0xFF,0xFF,0x55,0x55,0x55,0x40,0xBF,0xBF,0x33,0x33,0x33,0x24,
    0x24,0x24,0x24,0xB6,0x92,0x1C,0x1C,0x1C,0x17,0x17,0x17,0x12,0x12,0x12,0x16,
    0x16,0x16,0x18,0x18,0x18,0x14,0x14,0x14,0x13,0x13,0x13,0x12,0x12,0x12,0x11,
    0x11,0x11,0x09,0xA2,0x88,0x10,0x10,0x10,0x0E,0x0E,0x0E,0x13,0x13,0x13,0x12,
    0x12,0x12,0x12,0x12,0x12,0x10,0x10,0x10,0x10,0x10,0x10,0x0F,0x0F,0x0F,0x0A,
    0xA4,0x82,0x10,0x10,0x10,0x12,0x12,0x12,0x11,0x11,0x11,0x11,0x11,0x11,0x10,
    0x10,0x10,0x0F,0x0F,0x0F,0x0F,0x0F,0x0F,0x0F,0x0F,0x0F,0x0F,0x0F,0x0F,0x07,
    0xA1,0x81,0x10,0x10,0x10,0x10,0x10,0x10,0x10,0x10,0x10,0x0F,0x0F,0x0F,0x0F,
    0x0F,0x0F,0x0E,0x0E,0x0E,0x11,0x11,0x11,0x10,0x10,0x10,0x0F,0x0F,0x0F,0x0F,
    0x0F,0x0F,0x05,0xA1,0x82,0x11,0x11,0x11,0x11,0x11,0x11,0x10,0x10,0x10,0x10,
    0x10,0x10,0x10,0x10,0x10,0x0F,0x0F,0x0F,0x11,0x11,0x11,0x10,0x10,0x10,0x10,
    0x10,0x10,0x10,0x10,0x10,0x10,0x10,0x10,0x11,0x11,0x11,0x10,0x10,0x10,0x10,
    0x10,0x10,0x10,0x10,0x10,0x11,0x11,0x11,0x11,0x11,0x11,0x11,0x11,0x11,0x05,
    0xA1,0x81,0x10,0x10,0x10,0x10,0x10,0x10,0x12,0x12,0x12,0x11,0x11,0x11,0x11,
    0x11,0x11,0x11,0x11,0x11,0x12,0x12,0x12,0x12,0x12,0x12,0x11,0x11,0x11,0x11,
    0x11,0x11,0x12,0x12,0x12,0x12,0x12,0x12,0x12,0x12,0x12,0x12,0x12,0x12,0x12,
    0x12,0x12,0x11,0x11,0x11,0x13,0x13,0x13,0x13,0x13,0x13,0x12,0x12,0x12,0x12,
    0x12,0x12,0x12,0x12,0x12,0x12,0x12,0x12,0x13,0x13,0x13,0x05,0xA0,0x82,0x13,
    0x13,0x13,0x06,0xA1,0x82,0x12,0x12,0x12,0x12,0x12,0x12,0x13,0x13,0x13,0x13,
    0x13,0x13,0x14,0x14,0x14,0x14,0x14,0x14,0x14,0x14,0x14,0x14,0x14,0x14,0x13,
    0x13,0x13,0x14,0x14,0x14,0x14,0x14,0x14,0x06,0xA1,0x82,0x15,0x15,0x15,0x05,
    0xA1,0x81,0x15,0x15,0x15,0x15,0x15,0x15,0x15,0x15,0x15,0x15,0x15,0x15,0x15,
    0x15,0x15,0x16,0x16,0x16,0x16,0x16,0x16,0x17,0x17,0x17,0x17,0x17,0x17,0x17,
    0x17,0x17,0x05,0xA1,0x82,0x18,0x18,0x18,0x19,0x19,0x19,0x1A,0x1A,0x1A,0x19,
    0x19,0x19,0x05,0xA0,0x81,0x1A,0x1A,0x1A,0xFF,0xFF,0xFF,0x43,0xB7,0xA0,0xC1,
    0xE7,0xDF,0x9B,0xD9,0xCD,0xE5,0xF5,0xF2,0x37,0xB3,0x9A,0x0D,0xA3,0x85,0x10,
    0xA4,0x86,0x19,0xA8,0x8B,0x22,0xAB,0x8F,0xF8,0xFC,0xFB,0x54,0xBE,0xA9,0x7E,
    0xCE,0xBE,0x82,0xCF,0xC0,0x98,0xD7,0xCB,0xA9,0xDE,0xD4,0xC0,0xE7,0xDF,0xD0,
    0xED,0xE7,0xDD,0xF2,0xEE,0xEC,0xF8,0xF6,0xF5,0xFB,0xFA,0x08,0xA1,0x83,0x14,
    0xA5,0x88,0x1F,0xAA,0x8E,0x25,0xAC,0x91,0x31,0xB1,0x97,0x34,0xB1,0x98,0x3B,
    0xB5,0x9D,0x4B,0xBB,0xA4,0x6B,0xC7,0xB5,0x74,0xCA,0xB9,0x79,0xCC,0xBC,0x88,
    0xD2,0xC3,0x8B,0xD3,0xC5,0xAD,0xE0,0xD5,0xB3,0xE2,0xD8,0xD5,0xEF,0xEA,0xE9,
    0xF6,0xF4,0xF9,0xFC,0xFC,0xFC,0xFD,0xFD,0xFE,0xFE,0xFE,0x0C,0xA2,0x84,0x2B,
    0xAE,0x94,0x38,0xB3,0x9B,0x47,0xB9,0xA3,0x5A,0xC1,0xAC,0x65,0xC4,0xB1,0x68,
    0xC6,0xB3,0x71,0xC9,0xB8,0x8F,0xD4,0xC6,0x93,0xD6,0xC8,0x9B,0xD9,0xCC,0xA1,
    0xDB,0xD0,0xBA,0xE5,0xDC,0xBD,0xE6,0xDE,0xC2,0xE7,0xE0,0xCC,0xEB,0xE5,0xD8,
    0xF0,0xEB,0xE4,0xF4,0xF1,0xE6,0xF5,0xF2,0xF0,0xF9,0xF7,0xFA,0xFD,0xFC,0x2E,
    0xAF,0x95,0x61,0xC3,0xAF,0x94,0xD6,0xC9,0xA6,0xDD,0xD2,0xB6,0xE3,0xDA,0xC6,
    0xE9,0xE2,0xD2,0xEE,0xE9,0xE2,0xF4,0xF0,0xF2,0xFA,0xF8,0x93,0x33,0x5D,0x27,
    0x00,0x00,0x00,0x01,0x74,0x52,0x4E,0x53,0x00,0x40,0xE6,0xD8,0x66,0x00,0x00,
    0x00,0x01,0x62,0x4B,0x47,0x44,0x00,0x88,0x05,0x1D,0x48,0x00,0x00,0x00,0x09,
    0x70,0x48,0x59,0x73,0x00,0x00,0x0B,0x13,0x00,0x00,0x0B,0x13,0x01,0x00,0x9A,
    0x9C,0x18,0x00,0x00,0x01,0x59,0x49,0x44,0x41,0x54,0x48,0xC7,0xED,0x97,0x51,
    0x4B,0xC3,0x30,0x10,0xC7,0x43,0xBF,0xF4,0x85,0x40,0x04,0x71,0xAC,0x3A,0x68,
    0x17,0x9C,0x88,0xEC,0x61,0x82,0xA9,0x3E,0x8C,0xB9,0xBD,0x6C,0x50,0x18,0x55,
    0xCC,0x27,0xD3,0x35,0xD7,0x34,0xD9,0x92,0xF6,0xA1,0xDA,0x07,0xC9,0x3D,0xB4,
    0xB9,0x84,0xE6,0xD7,0xFB,0xDF,0x5D,0x4A,0x09,0x61,0x7D,0x46,0x86,0x1B,0x63,
    0x23,0x50,0x22,0x24,0x42,0xFE,0x0F,0x64,0xB2,0x5E,0x6A,0x5B,0x3F,0x2D,0xFE,
    0x0C,0xC2,0x33,0xA1,0xC4,0x8F,0xA9,0xF2,0x6B,0x95,0x0E,0x85,0x00,0x04,0x20,
    0x79,0xA2,0xE6,0x27,0x53,0x52,0x66,0x47,0x2F,0x04,0x28,0xA5,0xE0,0x3C,0x1F,
    0x32,0x4A,0x43,0x10,0x59,0x1D,0x4F,0xB6,0xA9,0xE6,0xC5,0xE7,0xB5,0x0F,0x42,
    0xD1,0x06,0x41,0xB6,0x7A,0xB4,0xD8,0x0A,0x75,0x1B,0x80,0xD4,0xE1,0xC0,0x2F,
    0x40,0x18,0x3F,0x14,0xD5,0x6B,0x08,0x42,0x10,0x82,0x21,0xA1,0x7C,0xFA,0x56,
    0xEB,0xD9,0x42,0xD0,0xF5,0x43,0x1E,0xF6,0xC9,0xF3,0x7D,0x37,0x04,0xB4,0x70,
    0x80,0x93,0xCD,0x0A,0xCE,0x11,0xC7,0x0D,0x44,0x92,0x77,0x44,0x02,0xB8,0xB5,
    0x26,0x69,0x1F,0xAC,0x10,0x71,0x88,0xAB,0x41,0xB9,0xDE,0x76,0xD3,0x72,0xD9,
    0x9D,0x78,0xDC,0x40,0x0B,0xD6,0xBE,0xBE,0xB9,0x3A,0xC9,0xBB,0x84,0xF0,0xCD,
    0xDD,0x87,0x92,0x57,0x8F,0x1D,0x10,0x62,0xD4,0x6A,0xB6,0x75,0xE7,0xA8,0x2D,
    0x97,0x17,0xF2,0x5E,0x8A,0xE2,0x65,0x9F,0xB2,0x60,0x75,0x99,0x8E,0x31,0xD5,
    0x7C,0x0E,0x71,0x12,0x4F,0x7D,0x90,0x99,0x9C,0x1E,0x76,0x9C,0xF5,0x43,0xDC,
    0xF8,0xC0,0xAD,0xDB,0x66,0x08,0xFE,0xC4,0xCF,0x64,0x9E,0xDE,0xB0,0x3E,0x08,
    0x69,0x9B,0x05,0x13,0x0F,0x67,0xCB,0x66,0x15,0x3C,0x1D,0xBF,0x92,0x39,0x67,
    0xFD,0x10,0xBB,0x84,0xA1,0xAD,0x3B,0x5B,0x2E,0xF0,0x96,0x70,0x7D,0x76,0xA9,
    0x24,0x0C,0x01,0xAB,0xD7,0x01,0x77,0x80,0xA6,0xFB,0xC0,0x51,0xCE,0xF6,0x2E,
    0x4F,0x61,0x25,0x32,0x3E,0xC6,0xF7,0x64,0x12,0x3F,0xBF,0x11,0x12,0x21,0xA3,
    0x43,0xC6,0xF8,0xD3,0xFA,0x06,0x23,0xFE,0xF7,0x68,0x04,0x3B,0x86,0xC6,0x00,
    0x00,0x00,0x00,0x49,0x45,0x4E,0x44,0xAE,0x42,0x60,0x82
};
/**
 * @var    logo_pixabay_svg
 * @brief  Pixabay logo
 */
static const char *logo_pixabay_svg = 
"<svg width=\"640\" height=\"123.87\" version=\"1.1\" viewBox=\"0 0 640 123.87"
"\" xmlns=\"http://www.w3.org/2000/svg\"><g transform=\"translate(-156.16 -367."
"21)\" fill=\"#333\"><path d=\"m679.67 407.38c-3.4778-2.461-6.0048-4.9559-6.004"
"8-8.0337h-19.338c0 5.5388-2.527 8.0337-5.6449 8.0337h-5.1644v56.236h100.42v-56"
".236h-64.629zm-6.0056 16.067h-18.096v-8.0337h20.084v6.4644zm33.991 31.276c-11."
"457 0-20.779-9.2018-20.779-20.513s9.3215-20.04 20.779-20.04c11.457 0 20.778 8."
"7283 20.778 20.04 0 11.311-9.3207 20.513-20.778 20.513zm11.17-20.513c0 6.0803-"
"5.011 11.028-11.169 11.028-6.1591 0-11.17-4.9476-11.17-11.028 0-6.081 5.0109-1"
"1.027 11.17-11.027 6.1582 0 11.169 4.9468 11.169 11.027zm77.334-34.48-25.001 6"
"3.735-19.184-7.6934v-10.862l13.323 5.4522 17.592-44.844-65.92-25.205-6.1099 19"
".034h-11l11.248-32.135 85.053 32.519z\"/><g transform=\"matrix(4.129 0 0 4.129"
" -488.62 -1536.6)\" font-family=\"VomZom\" font-size=\"23.686px\" line-height="
"\"125%\"><path d=\"m164.38 467.99c4.011-0.0921 7.7758 3.1703 8.1995 7.17 0.506"
"71 3.5153-1.5613 7.166-4.8022 8.5926-1.9632 0.97468-4.1802 0.67513-6.2919 0.72"
"493h-2.063v6.6094h-3.2677c7e-3 -5.0998-0.0132-10.2 0.01-15.3 0.10696-3.7986 3."
"2179-7.2015 6.9739-7.7072 0.41065-0.061 0.82716-0.0908 1.2414-0.0901zm0 13.219"
"c2.3572 0.0591 4.5679-1.78 4.9197-4.1152 0.46978-2.3507-1.0297-4.8765-3.3219-5"
".5815-2.214-0.78561-4.8777 0.24867-5.9588 2.3393-0.83901 1.4284-0.54099 3.1171"
"-0.59666 4.691v2.6665c1.6526-1e-5 3.3051 1e-5 4.9577-1e-5z\"/><path d=\"m174.1"
"6 467.91h3.2308v16.488h-3.2308v-16.488z\"/><path d=\"m187.1 478.32h0.11776l4.5"
"925 6.1234h4.0037l-6.2411-8.4785 5.5346-8.0075h-4.0038l-3.886 5.6523h-0.11776l"
"-3.886-5.6523h-4.0037l5.5346 8.0075-6.2411 8.4785h4.0038z\"/><path d=\"m203.13"
" 467.91c3.2724-0.0646 6.4111 2.0792 7.6221 5.1058 0.63231 1.4057 0.62342 2.963"
" 0.60314 4.472v6.91c-2.9161-0.01-5.8331 0.0201-8.7487-0.0157-3.3523-0.16361-6."
"4178-2.608-7.3775-5.8156-0.87984-2.7888-0.14884-6.0271 1.922-8.1097 1.5471-1.6"
"003 3.7454-2.5681 5.9789-2.5468zm4.9576 13.22c-0.014-1.8333 0.0294-3.6684-0.02"
"41-5.5004-0.19325-2.4562-2.4685-4.514-4.9336-4.4508-2.3436-0.0566-4.553 1.7616"
"-4.9197 4.0819-0.42956 2.2266 0.84881 4.6528 2.9737 5.4838 1.3088 0.57081 2.75"
"44 0.33544 4.1378 0.38549 0.92196 1e-5 1.8439 1e-5 2.7659 1e-5z\"/><path d=\"m"
"221.19 467.99c3.8699-0.0954 7.4862 2.9494 8.1024 6.7609 0.69922 3.6121-1.3415 "
"7.5146-4.7051 9.0017-3.2872 1.5514-7.5139 0.55177-9.7744-2.2912-1.401-1.6503-2"
".0047-3.8445-1.8853-5.984v-14.097h3.2677v6.6094c1.6649 2.1e-4 3.3302-4.3e-4 4."
"9948 3.2e-4zm0 13.219c2.4818 0.0664 4.7507-2.0174 4.9325-4.4865 0.31135-2.4542"
"-1.5078-4.9223-3.9368-5.3683-1.3432-0.18387-2.7076-0.0602-4.0606-0.0964h-1.929"
"7c0.021 1.8627-0.0445 3.7289 0.0376 5.5892 0.25949 2.4609 2.485 4.4103 4.957 4"
".362z\"/><path d=\"m238.9 467.91c3.2725-0.0646 6.411 2.0793 7.6222 5.1058 0.63"
"229 1.4057 0.62343 2.963 0.60314 4.472v6.91c-2.9161-0.01-5.8331 0.0201-8.7487-"
"0.0157-3.3523-0.16361-6.4178-2.608-7.3775-5.8156-0.87985-2.7888-0.14883-6.0271"
" 1.922-8.1097 1.547-1.6003 3.7454-2.5681 5.9788-2.5468zm4.9576 13.22c-0.014-1."
"8333 0.0294-3.6684-0.0241-5.5004-0.19325-2.4562-2.4685-4.514-4.9336-4.4508-2.3"
"436-0.0566-4.553 1.7616-4.9197 4.0819-0.42957 2.2266 0.84881 4.6528 2.9737 5.4"
"838 1.3088 0.57081 2.7544 0.33544 4.1378 0.38549 0.92196 1e-5 1.8439 1e-5 2.76"
"59 1e-5z\"/><path d=\"m265.11 467.95c-7e-3 5.0876 0.0132 10.176-0.0101 15.263-"
"0.11859 4.004-3.5594 7.6027-7.5766 7.8119-0.7631 0.0404-1.5278 0.0158-2.2917 0"
".0226v-3.2677c1.3944-7e-3 2.8862 0.13456 4.1212-0.65516 1.5426-0.86529 2.523-2"
".6105 2.4882-4.3753-2.8966 2.3356-7.3871 2.2143-10.204-0.19651-2.0523-1.6568-3"
".1738-4.322-3.0154-6.9447v-7.6578h3.2677c0.015 2.9107-0.0307 5.8234 0.0241 8.7"
"328 0.17752 2.3961 2.314 4.4238 4.7151 4.4811 2.4332 0.18697 4.7752-1.7026 5.1"
"382-4.1097 0.14646-1.44 0.0425-2.8946 0.0738-4.3411v-4.7632c1.0896-7e-5 2.1792"
"-1.4e-4 3.2689-2.1e-4z\"/></g></g></svg>";
/*----------------------------------------------------------------------------*/
/**
 * @var    logo_wallhaven_size
 * @brief  Size of Wallhaven logo array
 *
 * @var    logo_wallhaven
 * @brief  Wallhaven logo array with data
 */
static const int logo_wallhaven_size = 4790;
static const unsigned char logo_wallhaven[] =
{
    0x89,0x50,0x4E,0x47,0x0D,0x0A,0x1A,0x0A,0x00,0x00,0x00,0x0D,0x49,0x48,0x44,
    0x52,0x00,0x00,0x00,0x64,0x00,0x00,0x00,0x16,0x08,0x06,0x00,0x00,0x00,0x36,
    0x08,0x39,0x9E,0x00,0x00,0x00,0x06,0x62,0x4B,0x47,0x44,0x00,0x00,0x00,0xFF,
    0x00,0xFF,0x6A,0xD9,0x60,0x1F,0x00,0x00,0x12,0x6B,0x49,0x44,0x41,0x54,0x68,
    0xDE,0xED,0x5A,0x6B,0x6C,0x5B,0xD7,0x7D,0xFF,0x9F,0xC7,0xBD,0x24,0x2F,0x2F,
    0x1F,0xA2,0x28,0x51,0x24,0x25,0x59,0x94,0x25,0x4A,0xB6,0x24,0x5B,0x7E,0x5B,
    0x91,0x1F,0x75,0xEC,0x15,0xB3,0x13,0x5B,0xAB,0xE1,0x3A,0x5D,0xEB,0x14,0xC3,
    0x82,0x01,0x41,0x86,0x16,0x29,0x82,0xC2,0xC3,0xDA,0x00,0x41,0xFA,0x29,0x40,
    0x81,0x02,0x43,0x97,0x0F,0xED,0xB7,0x6C,0xCE,0x10,0x18,0x76,0x93,0x35,0xCD,
    0x5C,0xB5,0x99,0x93,0xD8,0x0E,0x1C,0xD7,0xB1,0x65,0x5B,0xD6,0xCB,0x94,0x45,
    0x91,0x7A,0x58,0xA2,0x44,0x89,0xAF,0xCB,0xFB,0x3C,0x67,0x1F,0x72,0x69,0xB0,
    0x9A,0xBC,0x14,0x1B,0xB0,0x02,0x45,0x0F,0x70,0x00,0xDE,0xF3,0xBA,0xBF,0xF3,
    0x7F,0x9D,0xDF,0xFF,0x5C,0x22,0xF8,0xE3,0x14,0x02,0x00,0x6E,0x00,0xF0,0x01,
    0x80,0x03,0x00,0x34,0x00,0xC8,0x01,0x80,0x0A,0x00,0xCE,0x75,0xDA,0xB5,0xAA,
    0x76,0xD1,0x1E,0x97,0x03,0x00,0x05,0x00,0x2C,0xF8,0x13,0x2A,0xF4,0x8F,0xF4,
    0x5E,0xD7,0x0F,0x7F,0xF8,0xC3,0xDE,0x9E,0x9E,0x9E,0xC3,0x96,0x65,0x05,0x30,
    0xC6,0x99,0xDB,0xB7,0x6F,0x7F,0xF8,0xC6,0x1B,0x6F,0x3C,0xF8,0xC1,0x0F,0x7E,
    0xD0,0xDE,0xDB,0xDB,0xFB,0x17,0x86,0x61,0xD4,0x12,0x42,0x96,0x87,0x87,0x87,
    0x3F,0xFC,0xD1,0x8F,0x7E,0x94,0x78,0xFD,0xF5,0xD7,0x3B,0x36,0x6D,0xDA,0x74,
    0xD8,0x30,0x0C,0x3F,0xC6,0x78,0xF1,0xF6,0xED,0xDB,0xBF,0x79,0xE3,0x8D,0x37,
    0xEE,0xDA,0x4A,0xF9,0xB3,0x42,0xFE,0xB7,0xC5,0xE9,0x74,0x22,0x55,0x55,0xE5,
    0x96,0x96,0x96,0x03,0xFB,0xF6,0xED,0xFB,0x1E,0xA5,0x54,0xD2,0x75,0xBD,0x90,
    0xCD,0x66,0x4B,0x00,0xB0,0xBA,0x61,0xC3,0x86,0xDD,0xFD,0xFD,0xFD,0xDF,0x23,
    0x84,0xB8,0x0D,0xC3,0x28,0xE5,0xF3,0xF9,0x32,0x00,0xE4,0x5B,0x5A,0x5A,0xFA,
    0xF7,0xED,0xDB,0xF7,0x3D,0x8C,0xB1,0x53,0xD7,0xF5,0xFC,0xD2,0xD2,0xD2,0x0A,
    0x00,0x24,0x6A,0x6A,0x6A,0xCA,0x2B,0x2B,0x2B,0xFC,0x4F,0x45,0x21,0xF8,0xFF,
    0xFB,0x85,0x9C,0x73,0x00,0x00,0xB1,0x5C,0x2E,0xD7,0x20,0x84,0x44,0x8C,0x31,
    0x01,0x00,0x67,0xB9,0x5C,0x0E,0x00,0x80,0x54,0x2E,0x97,0x03,0x08,0x21,0x07,
    0xC6,0x98,0x20,0x84,0x1C,0x9A,0xA6,0xD5,0x00,0x80,0xAC,0xAA,0x6A,0xA0,0x6A,
    0xBC,0xA3,0x5C,0x2E,0xD7,0x00,0x80,0xC0,0x18,0x83,0x3F,0x7B,0xC8,0x97,0x14,
    0x8F,0xC7,0x83,0x54,0x55,0x05,0xCE,0x39,0xE2,0x9C,0x23,0x00,0xE0,0x18,0x63,
    0x70,0x38,0x1C,0x5C,0xD3,0x34,0x00,0x00,0xC4,0x18,0x23,0x76,0x1F,0x00,0x00,
    0x30,0xC6,0x30,0x00,0x60,0xCE,0xF9,0xEF,0x19,0xC9,0x93,0xDA,0xED,0x67,0xA4,
    0x28,0x0A,0xA2,0x94,0x22,0x00,0x00,0x8C,0x31,0xD7,0x75,0xFD,0xF7,0xBC,0x45,
    0x96,0x65,0xA4,0x69,0xDA,0xBA,0x58,0x8A,0xC5,0x22,0xFF,0xBF,0x7A,0xBB,0x69,
    0x9A,0xC8,0x36,0x32,0xC0,0x18,0x73,0x49,0x92,0x20,0x97,0xCB,0xF1,0x3F,0x64,
    0x9E,0x69,0x9A,0x00,0x00,0xDC,0xAE,0x8F,0x15,0x42,0xEC,0x03,0xD4,0x61,0xFF,
    0x36,0x00,0xA0,0x8C,0x10,0x32,0x6C,0x41,0x38,0xED,0x3E,0x0C,0x00,0x26,0x00,
    0xA8,0x84,0x10,0x9D,0x73,0x0E,0x8C,0x31,0xD1,0x3E,0x6C,0x29,0x00,0x30,0xBB,
    0xE2,0x42,0xA1,0x50,0x59,0x4F,0x04,0x00,0x8A,0x10,0x62,0x96,0x65,0x69,0x86,
    0x61,0x14,0x00,0xA0,0x54,0xF1,0x4C,0xCE,0xF9,0xE3,0x5A,0xED,0x41,0x7F,0x48,
    0xBB,0xAD,0x28,0x97,0x61,0x18,0x75,0x00,0xE0,0xC6,0x18,0x63,0xD3,0x34,0x15,
    0x00,0xC8,0x23,0x84,0x54,0xCE,0x39,0x01,0x00,0x57,0xB1,0x58,0x74,0xDA,0x18,
    0x2B,0xFB,0xAB,0xC6,0xA2,0x00,0x00,0xB2,0x71,0x92,0xEA,0xFD,0x59,0x96,0xC5,
    0x28,0xA5,0xC8,0x34,0xCD,0xCA,0x1E,0x05,0x7B,0x7F,0x9A,0x3D,0x4E,0x54,0x55,
    0x55,0xB6,0xC9,0x89,0x60,0xEF,0xB1,0x9C,0xCB,0xE5,0x8A,0x00,0x50,0x42,0x08,
    0x59,0x9C,0x73,0xC1,0x7E,0x2F,0x5A,0x33,0xCF,0x63,0xCF,0x03,0x00,0x28,0x02,
    0x40,0xDE,0x26,0x2A,0x8C,0x02,0x80,0xF4,0xCA,0x2B,0xAF,0x6C,0xAA,0xAD,0xAD,
    0xED,0xD6,0x75,0x5D,0x42,0x08,0x2D,0x5E,0xBB,0x76,0xED,0xF3,0xC1,0xC1,0xC1,
    0x39,0x00,0x90,0x5F,0x7C,0xF1,0xC5,0xEE,0x70,0x38,0x1C,0xB7,0x2C,0xCB,0x69,
    0x59,0xD6,0xEA,0xF0,0xF0,0xF0,0xF0,0x7B,0xEF,0xBD,0x97,0x00,0x00,0xE3,0xF4,
    0xE9,0xD3,0xB1,0x9E,0x9E,0x9E,0x5E,0xCB,0xB2,0x02,0x08,0x21,0x2D,0x91,0x48,
    0xE4,0x02,0x81,0x80,0xBB,0xBE,0xBE,0x3E,0x24,0xCB,0x72,0xBD,0xCF,0xE7,0x0B,
    0x50,0x4A,0x45,0x00,0x60,0x8A,0xA2,0x64,0x53,0xA9,0xD4,0xBD,0x5F,0xFF,0xFA,
    0xD7,0x37,0x7F,0xF7,0xBB,0xDF,0x19,0x8C,0x31,0xF4,0x65,0xC2,0x67,0x8C,0x3D,
    0x6E,0x5F,0xA3,0x0C,0x54,0x2A,0x95,0xEA,0xF6,0xEC,0xD9,0xB3,0xE7,0xE8,0xD1,
    0xA3,0xA1,0x96,0x96,0x96,0x0E,0x41,0x10,0x1C,0x99,0x4C,0x26,0x71,0xED,0xDA,
    0xB5,0xAB,0xE7,0xCF,0x9F,0x9F,0x1C,0x18,0x18,0xA8,0x89,0xC7,0xE3,0x3D,0x3E,
    0x9F,0xAF,0xD9,0xE7,0xF3,0x35,0xB8,0xDD,0x6E,0xBF,0x28,0x8A,0x0E,0x00,0x60,
    0xE5,0x72,0x79,0x39,0x99,0x4C,0xDE,0x7B,0xF7,0xDD,0x77,0x47,0x9F,0x7A,0xEA,
    0x29,0x1A,0x8B,0xC5,0x5A,0x35,0x4D,0x93,0x29,0xA5,0xAB,0x63,0x63,0x63,0x77,
    0xCE,0x9D,0x3B,0x97,0xF0,0x78,0x3C,0x4A,0xA1,0x50,0x70,0x9C,0x38,0x71,0x62,
    0xC3,0xCE,0x9D,0x3B,0xB7,0x5B,0x96,0x55,0x27,0x08,0x42,0x79,0x75,0x75,0xF5,
    0xE1,0x8F,0x7F,0xFC,0xE3,0xA5,0x6F,0x7D,0xEB,0x5B,0xCD,0x5B,0xB6,0x6C,0xE9,
    0xAE,0xAF,0xAF,0x6F,0x15,0x04,0xC1,0x0D,0x00,0xD6,0xCA,0xCA,0xCA,0xA3,0x54,
    0x2A,0x35,0x32,0x38,0x38,0x38,0x74,0xE7,0xCE,0x9D,0x85,0x97,0x5E,0x7A,0x29,
    0xDA,0xD4,0xD4,0xD4,0xC5,0x18,0x23,0xD3,0xD3,0xD3,0x53,0x3F,0xFB,0xD9,0xCF,
    0x96,0x4F,0x9D,0x3A,0x15,0xDD,0xB1,0x63,0xC7,0x96,0x48,0x24,0xB2,0x91,0x52,
    0x8A,0xE7,0xE6,0xE6,0x46,0x2F,0x5F,0xBE,0x7C,0xF5,0x83,0x0F,0x3E,0x18,0x05,
    0x80,0x3C,0x05,0x00,0xCF,0xEE,0xDD,0xBB,0xFF,0x72,0xC7,0x8E,0x1D,0x7F,0x8F,
    0x10,0x72,0xE8,0xBA,0x9E,0x41,0x08,0xBD,0x36,0x38,0x38,0xF8,0x9F,0xDF,0xFC,
    0xE6,0x37,0xDB,0xBE,0xFD,0xED,0x6F,0xFF,0x43,0x7D,0x7D,0xFD,0x2E,0x00,0xC0,
    0x8C,0x31,0x75,0x64,0x64,0xE4,0xDF,0xD3,0xE9,0xF4,0x3F,0xDD,0xBA,0x75,0x2B,
    0x77,0xF0,0xE0,0xC1,0xAF,0x1E,0x39,0x72,0xE4,0x15,0x4A,0xA9,0x6C,0x18,0x86,
    0x76,0xE7,0xCE,0x9D,0xE9,0xEE,0xEE,0xEE,0x46,0xB7,0xDB,0xED,0xC5,0x18,0x0B,
    0x08,0x21,0x6C,0x5B,0x07,0x00,0x80,0xA5,0x28,0x4A,0xB6,0xB3,0xB3,0xF3,0xDD,
    0xD7,0x5F,0x7F,0x7D,0xD0,0xB2,0x2C,0x47,0x45,0xE8,0x6B,0x05,0x5F,0xDD,0xB6,
    0xB6,0x1D,0x21,0x04,0x8C,0x31,0xE4,0xF5,0x7A,0xBB,0x5E,0x7B,0xED,0xB5,0x3D,
    0xED,0xED,0xED,0x31,0x87,0xC3,0x21,0x03,0x00,0x32,0x4D,0xB3,0x1C,0x8F,0xC7,
    0xB7,0xCF,0xCD,0xCD,0xFD,0xEB,0xD7,0xBE,0xF6,0xB5,0xEE,0xBD,0x7B,0xF7,0xFE,
    0x9D,0xC3,0xE1,0xA8,0x21,0x84,0x88,0xEB,0x61,0x89,0xC5,0x62,0x1F,0x97,0x4A,
    0x25,0xFD,0xE8,0xD1,0xA3,0x5F,0xC5,0x18,0x3B,0x39,0xE7,0xE5,0x8F,0x3E,0xFA,
    0xE8,0xA7,0xE7,0xCE,0x9D,0x7B,0xAB,0x54,0x2A,0xA9,0x00,0xE0,0xD9,0xB7,0x6F,
    0xDF,0xC1,0x81,0x81,0x81,0x7F,0xA4,0x94,0xFA,0x39,0xE7,0xE6,0x8D,0x1B,0x37,
    0x3E,0x7E,0xF5,0xD5,0x57,0x93,0x27,0x4E,0x9C,0x38,0x12,0x0C,0x06,0x5B,0x29,
    0xA5,0xCE,0xCA,0xBA,0x9C,0x73,0x53,0x51,0x94,0xE5,0x6D,0xDB,0xB6,0xFD,0xC7,
    0x4F,0x7E,0xF2,0x93,0x4B,0xBB,0x76,0xED,0xDA,0xBE,0x7F,0xFF,0xFE,0x17,0x00,
    0x80,0xDC,0xBC,0x79,0xF3,0x66,0x4D,0x4D,0x4D,0x62,0x60,0x60,0xA0,0xAF,0xA1,
    0xA1,0xA1,0x5D,0x10,0x04,0x17,0x00,0x80,0x61,0x18,0x85,0xD6,0xD6,0xD6,0x8B,
    0x4B,0x4B,0x4B,0x3F,0xBD,0x71,0xE3,0xC6,0x28,0x05,0x00,0xB4,0xB0,0xB0,0x40,
    0x09,0x21,0x5E,0x87,0xC3,0xE1,0xA4,0x94,0x3A,0x64,0x59,0xEE,0x06,0x80,0x7B,
    0xE1,0x70,0x38,0x1E,0x0C,0x06,0xB7,0x49,0x92,0x54,0xC3,0x39,0x07,0x84,0x90,
    0x6F,0xE3,0xC6,0x8D,0x87,0xE2,0xF1,0xF8,0x07,0xB7,0x6E,0xDD,0x4A,0x7B,0xBD,
    0xDE,0x1E,0x49,0x92,0x1A,0x08,0x21,0xC4,0x34,0xCD,0x52,0xA9,0x54,0x72,0xCA,
    0xB2,0x5C,0x2F,0x08,0x02,0x59,0x2F,0xF7,0xF0,0x78,0x3C,0x0D,0xBB,0x77,0xEF,
    0x3E,0xF5,0xEC,0xB3,0xCF,0x16,0x34,0x4D,0x93,0xAB,0x85,0xBE,0x9E,0x27,0x3C,
    0xC9,0x73,0x08,0x21,0xF4,0xD8,0xB1,0x63,0xDB,0xBC,0x5E,0xAF,0x9B,0x10,0xF2,
    0xF8,0x6C,0x21,0x84,0x78,0xE2,0xF1,0xF8,0xD3,0x7B,0xF7,0xEE,0x9D,0x54,0x55,
    0x35,0x28,0x49,0x52,0x98,0x52,0x4A,0x9F,0x84,0xA5,0xBF,0xBF,0xFF,0xE8,0x7B,
    0xEF,0xBD,0x37,0xCC,0x39,0x97,0x25,0x49,0x72,0x33,0xC6,0xBC,0x91,0x48,0xE4,
    0xC0,0xA6,0x4D,0x9B,0x06,0x47,0x47,0x47,0x33,0x00,0x10,0xA8,0xAB,0xAB,0xDB,
    0xE3,0x72,0xB9,0xA2,0x94,0x52,0xAA,0x69,0x9A,0x3E,0x3F,0x3F,0x1F,0x3E,0x71,
    0xE2,0x44,0x5F,0x24,0x12,0x69,0x40,0x08,0xA1,0x2A,0xA2,0x02,0x08,0x21,0xE2,
    0xF5,0x7A,0x23,0x7B,0xF6,0xEC,0x39,0x7D,0xF2,0xE4,0x49,0xA9,0x5C,0x2E,0x7B,
    0x9D,0x4E,0x67,0x10,0x21,0x84,0xDB,0xDA,0xDA,0x76,0xF4,0xF4,0xF4,0xEC,0xF5,
    0xF9,0x7C,0x5E,0x8C,0x31,0xAA,0xC2,0x5C,0xD3,0xD5,0xD5,0x75,0xEC,0xC0,0x81,
    0x03,0x9F,0xDC,0xB8,0x71,0x23,0x49,0x01,0x40,0x9D,0x9A,0x9A,0x7A,0xA4,0xEB,
    0xBA,0x22,0x8A,0xA2,0x13,0x00,0x84,0xBA,0xBA,0xBA,0x18,0x00,0xD4,0x79,0xBD,
    0xDE,0x0D,0x84,0x10,0xB7,0x65,0x59,0x3C,0x9F,0xCF,0x97,0x7C,0x3E,0x9F,0x4C,
    0x08,0xA9,0x09,0x06,0x83,0x4D,0x2D,0x2D,0x2D,0xBA,0xCF,0xE7,0x6B,0xB5,0x3D,
    0x07,0x0A,0x85,0x42,0x71,0x7A,0x7A,0x7A,0xBA,0x5C,0x2E,0xD7,0x6A,0x9A,0xE6,
    0x50,0x55,0xD5,0xE0,0x5F,0x20,0x25,0x4E,0xA7,0xD3,0x2D,0x49,0x92,0x84,0x10,
    0x42,0x0E,0x87,0xA3,0x26,0x16,0x8B,0x6D,0x5D,0x5A,0x5A,0xD2,0xED,0x83,0x76,
    0x5D,0x4F,0x58,0xCF,0x73,0x2A,0x7D,0x84,0x10,0xEA,0xF3,0xF9,0x3C,0x8C,0x31,
    0x56,0x2E,0x97,0x35,0x8C,0x31,0x11,0x04,0x81,0x02,0x00,0x50,0x4A,0xDD,0x1B,
    0x36,0x6C,0x68,0x5C,0x58,0x58,0x98,0x51,0x14,0x65,0x1E,0x63,0x2C,0x3D,0x09,
    0x8B,0x24,0x49,0xEE,0x40,0x20,0x20,0x65,0xB3,0xD9,0x82,0xDB,0xED,0x76,0x03,
    0x00,0x6A,0x68,0x68,0x88,0x75,0x74,0x74,0x44,0x47,0x47,0x47,0x13,0xBD,0xBD,
    0xBD,0xF5,0x4D,0x4D,0x4D,0x71,0x84,0x10,0xE1,0x9C,0x43,0xA1,0x50,0x28,0xBB,
    0x5C,0x2E,0x67,0x30,0x18,0xAC,0x03,0x00,0x64,0x59,0x16,0xCF,0xE5,0x72,0xAB,
    0x8B,0x8B,0x8B,0x19,0x4A,0xA9,0xD8,0xD8,0xD8,0x18,0x71,0x38,0x1C,0xA2,0xC3,
    0xE1,0xF0,0xF4,0xF4,0xF4,0xEC,0x7C,0xF8,0xF0,0x61,0x96,0x31,0x06,0x18,0x63,
    0x08,0x85,0x42,0xB5,0x08,0x21,0xC4,0x18,0x63,0x9A,0xA6,0xE9,0x84,0x10,0x42,
    0x29,0xA5,0x08,0x21,0x10,0x04,0xC1,0x1F,0x0A,0x85,0x5A,0x01,0x40,0xA2,0x00,
    0x50,0x9E,0x9A,0x9A,0x9A,0x59,0x5E,0x5E,0x5E,0x72,0xB9,0x5C,0x01,0x84,0x10,
    0xAE,0xAB,0xAB,0x0B,0xD7,0xD5,0xD5,0x85,0x03,0x81,0x40,0x18,0x00,0x04,0xC3,
    0x30,0xAC,0xD9,0xD9,0xD9,0xAC,0x2C,0xCB,0x92,0x20,0x08,0xCE,0x40,0x20,0xD0,
    0x10,0x8D,0x46,0x4B,0x75,0x75,0x75,0x21,0xCE,0x39,0x62,0x8C,0xF1,0xE5,0xE5,
    0xE5,0xD9,0x8F,0x3F,0xFE,0xF8,0x57,0xB9,0x5C,0xEE,0xDD,0x62,0xB1,0x18,0xC8,
    0xE7,0xF3,0x02,0x63,0x0C,0x9B,0xA6,0xE9,0xD9,0xBC,0x79,0x73,0xEF,0xF3,0xCF,
    0x3F,0xBF,0x4F,0x96,0x65,0x09,0x00,0x70,0x20,0x10,0xA8,0x5F,0x5C,0x5C,0x5C,
    0xFA,0x9F,0x04,0xBF,0xF6,0x0C,0xA9,0x8C,0xB3,0xC7,0xF0,0x42,0xA1,0x90,0x1B,
    0x1E,0x1E,0xFE,0x7C,0x74,0x74,0x34,0xD5,0xD4,0xD4,0xD4,0x79,0xE8,0xD0,0xA1,
    0x5D,0xA2,0x28,0x52,0xCE,0x39,0x92,0x24,0x89,0xBF,0xF5,0xD6,0x5B,0x9F,0xAE,
    0xAC,0xAC,0xDC,0x2F,0x16,0x8B,0xF5,0xB9,0x5C,0x4E,0xE0,0x9C,0x23,0xD3,0x34,
    0xBD,0x5D,0x5D,0x5D,0x5B,0xCE,0x9C,0x39,0x73,0x40,0x96,0x65,0x09,0x21,0x84,
    0x65,0x59,0x16,0x47,0x46,0x46,0x16,0xC3,0xE1,0x70,0x3D,0x21,0x04,0xBB,0x5C,
    0xAE,0x60,0x5B,0x5B,0x5B,0x13,0x00,0xF8,0xBB,0xBA,0xBA,0xA2,0x7E,0xBF,0xBF,
    0x89,0x73,0x8E,0x2C,0xCB,0xE2,0xE9,0x74,0x3A,0x1B,0x8D,0x46,0x7D,0x18,0x63,
    0x62,0x1B,0x61,0xE9,0xDC,0xB9,0x73,0xEF,0x5F,0xBA,0x74,0xE9,0x6A,0x5D,0x5D,
    0x5D,0xE3,0xF7,0xBF,0xFF,0xFD,0xBF,0xEE,0xE8,0xE8,0x68,0x03,0x00,0xA8,0xAD,
    0xAD,0xF5,0x4D,0x4F,0x4F,0xE7,0xAB,0x30,0xC3,0xEA,0xEA,0xEA,0xF2,0xF0,0xF0,
    0xF0,0xE7,0x63,0x63,0x63,0xF3,0x9B,0x36,0x6D,0xEA,0xE9,0xEB,0xEB,0xDB,0x4A,
    0x29,0x25,0x00,0x40,0x5C,0x2E,0x97,0x07,0x00,0x44,0x0A,0x00,0xC6,0xD0,0xD0,
    0xD0,0x42,0x26,0x93,0x49,0x45,0x22,0x91,0x76,0xDB,0x72,0xC2,0xED,0xED,0xED,
    0xCD,0x3E,0x9F,0x2F,0x8C,0x31,0x26,0x9A,0xA6,0xE9,0x99,0x4C,0xA6,0xD4,0xDA,
    0xDA,0xCA,0x30,0xC6,0xA2,0xDB,0xED,0x6E,0xAC,0xAF,0xAF,0x37,0x2B,0xA1,0xCC,
    0xB2,0x2C,0x36,0x3D,0x3D,0xFD,0xF0,0xA3,0x8F,0x3E,0x9A,0xF5,0x7A,0xBD,0xAE,
    0xF6,0xF6,0xF6,0xC6,0xE6,0xE6,0xE6,0x7A,0x00,0x10,0x4C,0xD3,0x74,0x0A,0x82,
    0xE0,0x30,0x0C,0x83,0x55,0x09,0x1F,0x33,0xC6,0xC8,0x93,0x14,0xF2,0x65,0x67,
    0x88,0xA6,0x69,0xC6,0xFB,0xEF,0xBF,0xFF,0x9B,0x37,0xDF,0x7C,0xF3,0x5F,0x52,
    0xA9,0xD4,0xF2,0xCB,0x2F,0xBF,0x7C,0x62,0xFF,0xFE,0xFD,0x5B,0x28,0xA5,0xB4,
    0x32,0xEF,0xE6,0xCD,0x9B,0x6A,0x43,0x43,0x03,0xED,0xEC,0xEC,0x94,0xD6,0x60,
    0x71,0x95,0xCB,0x65,0x43,0x92,0x24,0xE0,0x9C,0x23,0x4A,0x29,0x4A,0x24,0x12,
    0x0B,0xFB,0xF6,0xED,0xEB,0x70,0x3A,0x9D,0x0E,0x51,0x14,0xA5,0x70,0x38,0xDC,
    0x06,0x00,0xA1,0xE6,0xE6,0xE6,0x98,0x2C,0xCB,0x01,0xCE,0x39,0x18,0x86,0x61,
    0x4D,0x4C,0x4C,0x64,0xF7,0xEC,0xD9,0xD3,0x68,0xD3,0x76,0x28,0x14,0x0A,0xA5,
    0xA1,0xA1,0xA1,0xAC,0x69,0x9A,0x9A,0xAA,0xAA,0x4C,0x55,0x55,0x93,0x31,0xC6,
    0xED,0x50,0x86,0xAA,0x0D,0x4C,0x51,0x14,0xF5,0xE2,0xC5,0x8B,0xBF,0x7A,0xF3,
    0xCD,0x37,0xFF,0x2D,0x93,0xC9,0x28,0xAF,0xBE,0xFA,0xEA,0x73,0xBB,0x76,0xED,
    0xEA,0xC2,0x18,0x13,0x7B,0x0C,0x01,0x00,0x4C,0x01,0xC0,0x4A,0x26,0x93,0xD9,
    0xB9,0xB9,0xB9,0xE4,0xE6,0xCD,0x9B,0x4D,0x4A,0xA9,0x20,0xCB,0x72,0x4D,0x34,
    0x1A,0x8D,0xB9,0xDD,0xEE,0x46,0xCE,0x39,0x56,0x55,0xD5,0x48,0xA7,0xD3,0xC5,
    0x1D,0x3B,0x76,0x30,0x4A,0x29,0x0D,0x04,0x02,0x2D,0xE1,0x70,0x18,0x51,0x4A,
    0x65,0xC6,0x18,0x68,0x9A,0xA6,0x4F,0x4D,0x4D,0x65,0x5F,0x7A,0xE9,0xA5,0xAD,
    0xCF,0x3D,0xF7,0xDC,0x89,0xBA,0xBA,0xBA,0x38,0xC6,0xD8,0x51,0x75,0x88,0x22,
    0x41,0x10,0x84,0x2A,0x41,0xA3,0x2F,0x13,0xFC,0x93,0x14,0x85,0x10,0x02,0xCB,
    0xB2,0xAC,0x72,0xB9,0xFC,0x20,0x95,0x4A,0xDD,0x05,0x00,0xD5,0xE1,0x70,0x2C,
    0x7E,0xE1,0x44,0x0C,0x18,0x63,0x48,0x55,0x55,0xDF,0x0B,0x2F,0xBC,0xB0,0xEF,
    0xCC,0x99,0x33,0x47,0x42,0xA1,0x50,0xE7,0x3A,0x58,0x1E,0x2B,0x0E,0x21,0xA4,
    0x8F,0x8F,0x8F,0x3F,0x2C,0x14,0x0A,0x5B,0x44,0x51,0x0C,0x21,0x84,0x84,0xA6,
    0xA6,0xA6,0x76,0x84,0x50,0xAC,0xB9,0xB9,0x39,0x4E,0x08,0x71,0x32,0xC6,0x40,
    0x51,0x14,0x35,0x91,0x48,0xAC,0xF6,0xF7,0xF7,0xB7,0x54,0xAC,0xDE,0xED,0x76,
    0x7B,0xBE,0xF3,0x9D,0xEF,0x3C,0x83,0x31,0x3E,0x4C,0x29,0x95,0xA2,0xD1,0x68,
    0xB4,0xB2,0xB7,0x42,0xA1,0xA0,0x9A,0xA6,0xC9,0x2A,0x63,0x19,0x63,0xA6,0xA2,
    0x28,0xE3,0x99,0x4C,0xE6,0x9E,0x8D,0x61,0x91,0x73,0x5E,0x6D,0xA4,0xA8,0x92,
    0x87,0x70,0x00,0x28,0xA4,0xD3,0xE9,0x49,0x5D,0xD7,0x55,0x42,0x88,0x20,0x8A,
    0xA2,0x3B,0x14,0x0A,0x6D,0xF0,0xFB,0xFD,0xB5,0x9C,0x73,0xD0,0x75,0x5D,0x4F,
    0xA7,0xD3,0x79,0xC3,0x30,0x4C,0x41,0x10,0xC4,0xDA,0xDA,0xDA,0x50,0x20,0x10,
    0xE0,0x94,0x52,0x91,0x73,0x0E,0xE5,0x72,0x59,0x4D,0x26,0x93,0xE4,0x1B,0xDF,
    0xF8,0xC6,0x89,0x48,0x24,0xB2,0x83,0x10,0x82,0x6D,0x01,0x56,0xA7,0xD1,0xA8,
    0x22,0x84,0x6A,0x25,0xAC,0x15,0x7C,0xB5,0x32,0xD6,0x84,0xA9,0xEA,0xB9,0x1C,
    0x63,0xAC,0xDB,0x39,0x93,0x05,0x00,0xBC,0x7A,0x1D,0xD3,0x34,0x83,0xC7,0x8E,
    0x1D,0xFB,0xAB,0xC6,0xC6,0xC6,0x4D,0x4F,0xC0,0x82,0x2B,0x8F,0x18,0x63,0x6D,
    0x72,0x72,0x72,0x7A,0x6E,0x6E,0x2E,0xE9,0xF7,0xFB,0xEB,0x11,0x42,0xB8,0xB6,
    0xB6,0x76,0x63,0x7F,0x7F,0x7F,0x57,0x6D,0x6D,0x6D,0x1C,0x21,0x44,0x19,0x63,
    0xB0,0xB4,0xB4,0x94,0x59,0x5C,0x5C,0x7C,0x64,0xB3,0xBC,0x2F,0x2E,0xE4,0x5C,
    0x2E,0xA9,0x12,0xA2,0xEC,0x43,0x1D,0x18,0x63,0x60,0x18,0x46,0x79,0x7C,0x7C,
    0x7C,0xD4,0x34,0x4D,0xA1,0x4A,0x21,0x1C,0x63,0xAC,0xD9,0x98,0x09,0x00,0xB0,
    0xB5,0xC6,0x57,0xAD,0x10,0x25,0x9D,0x4E,0xCF,0x14,0x8B,0xC5,0x9C,0xC3,0xE1,
    0xF0,0x60,0x8C,0x69,0x34,0x1A,0xF5,0x7B,0x3C,0x1E,0x99,0x73,0x0E,0xB9,0x5C,
    0x2E,0xBF,0xB4,0xB4,0x34,0x5F,0x2A,0x95,0x14,0x97,0xCB,0x25,0xC9,0xB2,0x2C,
    0x37,0x35,0x35,0xD5,0x02,0x00,0xB1,0x2C,0x0B,0x96,0x97,0x97,0x57,0x00,0x80,
    0x34,0x34,0x34,0xB4,0x20,0x84,0xB0,0x65,0x59,0x90,0xC9,0x64,0x96,0xEE,0xDE,
    0xBD,0x3B,0xCC,0x39,0x2F,0x01,0x40,0x5D,0x5F,0x5F,0x5F,0xB7,0x2C,0xCB,0xD2,
    0x5A,0xE1,0x57,0x81,0x42,0x00,0x80,0xD6,0x61,0x59,0x8F,0xDB,0xAB,0x68,0xEF,
    0x7F,0xBB,0x8E,0xA9,0x5E,0x8B,0x52,0xEA,0x68,0x6C,0x6C,0x8C,0x54,0xB0,0x2C,
    0x2E,0x2E,0x66,0xEE,0xDE,0xBD,0x7B,0xDF,0x4E,0xC2,0xEA,0x76,0xEE,0xDC,0xB9,
    0xB9,0xA6,0xA6,0xC6,0x63,0xE3,0x30,0x1F,0x3D,0x7A,0x34,0xFF,0xF0,0xE1,0xC3,
    0x91,0xF6,0xF6,0xF6,0x6D,0x82,0x20,0x88,0x7E,0xBF,0x3F,0x14,0x8F,0xC7,0x7B,
    0x42,0xA1,0x50,0x8B,0x4D,0xA7,0x59,0x2A,0x95,0x4A,0x64,0xB3,0xD9,0x29,0xCE,
    0xB9,0x5A,0xC1,0xAF,0x69,0x9A,0x91,0xCB,0xE5,0x72,0x08,0x21,0x1D,0x21,0xC4,
    0xEC,0x33,0xBB,0x34,0x31,0x31,0x71,0xFD,0xE2,0xC5,0x8B,0x37,0x4E,0x9E,0x3C,
    0x79,0x88,0x7F,0x51,0xAA,0xA3,0x00,0x5F,0x8B,0xB9,0x3A,0x42,0x54,0x28,0xA1,
    0xF6,0xE0,0xC1,0x83,0xB9,0xD5,0xD5,0xD5,0x47,0x7E,0xBF,0xBF,0x11,0x63,0x4C,
    0x22,0x91,0x88,0x97,0x10,0x22,0x58,0x96,0xC5,0x97,0x96,0x96,0x32,0x73,0x73,
    0x73,0xA9,0x52,0xA9,0x94,0x0B,0x04,0x02,0x41,0x97,0xCB,0xE5,0x8C,0x44,0x22,
    0xDE,0x0A,0xD3,0x98,0x9D,0x9D,0x9D,0xC3,0x18,0x97,0x9D,0x4E,0xA7,0xC8,0x18,
    0x03,0xCB,0xB2,0xD8,0xFD,0xFB,0xF7,0x13,0x2F,0xBE,0xF8,0xE2,0x79,0x00,0xC8,
    0x9E,0x3C,0x79,0xF2,0xF0,0xF6,0xED,0xDB,0xE3,0x92,0x24,0x49,0x6B,0x94,0xF0,
    0xD8,0x5D,0x4D,0xD3,0xAC,0x01,0x80,0x7A,0x5D,0xD7,0xA5,0xAA,0x3E,0xA4,0xEB,
    0x7A,0x0D,0x00,0x04,0x2B,0xED,0x15,0x85,0xAC,0xA5,0xC3,0xD5,0xEB,0xD9,0x31,
    0x1C,0xDB,0xCF,0x6C,0x62,0x62,0x22,0x79,0xF6,0xEC,0xD9,0x0B,0xF9,0x7C,0x7E,
    0xE9,0xF8,0xF1,0xE3,0x5F,0xE9,0xEE,0xEE,0xDE,0xC8,0x18,0xF3,0xD8,0x82,0x60,
    0x84,0x90,0x95,0x44,0x22,0x71,0x7F,0xFF,0xFE,0xFD,0x45,0x8F,0xC7,0x13,0x10,
    0x04,0xC1,0x19,0x8F,0xC7,0x23,0xB2,0x2C,0xFB,0xEC,0x90,0x5C,0x7E,0xF0,0xE0,
    0xC1,0x6D,0x45,0x51,0x92,0x9A,0xA6,0x15,0x2B,0x06,0x51,0x2C,0x16,0xCB,0x3F,
    0xFF,0xF9,0xCF,0x3F,0x4D,0x26,0x93,0xB7,0x1D,0x0E,0xC7,0x0A,0x00,0x58,0xE5,
    0x72,0xB9,0xF8,0xE9,0xA7,0x9F,0xA6,0x0D,0xC3,0xE0,0x5F,0xFF,0xFA,0xD7,0xFB,
    0xAA,0x3C,0xA4,0x82,0x19,0xAD,0x17,0x09,0xD6,0x2A,0xC4,0xBC,0x75,0xEB,0xD6,
    0x52,0x3A,0x9D,0x9E,0x6E,0x6A,0x6A,0xDA,0x66,0x33,0x2D,0x2F,0xA5,0x54,0x60,
    0x8C,0xF1,0x7C,0x3E,0x9F,0x9E,0x9C,0x9C,0x4C,0x29,0x8A,0x92,0x61,0x8C,0x6D,
    0x74,0xBB,0xDD,0x52,0xC5,0x7A,0x0D,0xC3,0xD0,0xE7,0xE6,0xE6,0xA6,0x00,0x20,
    0xCB,0xBE,0x28,0x00,0x00,0xC8,0xEB,0xF5,0x7A,0x07,0x06,0x06,0x62,0xD1,0x68,
    0x34,0x76,0xF0,0xE0,0xC1,0x9D,0x36,0xCF,0xAF,0x58,0x03,0xAF,0x76,0x59,0x8C,
    0x31,0xED,0xE8,0xE8,0xD8,0xFD,0xF2,0xCB,0x2F,0x03,0xE7,0x3C,0xCC,0x18,0xC3,
    0xB6,0x60,0x69,0x2C,0x16,0xDB,0xFE,0xDD,0xEF,0x7E,0x17,0x2C,0xCB,0x6A,0x62,
    0x8C,0x21,0x84,0xD0,0x97,0x66,0xF6,0x6B,0x9E,0x91,0xD7,0xEB,0xF5,0x1E,0x3A,
    0x74,0x28,0x16,0x8D,0x46,0x9B,0x0F,0x1C,0x38,0xB0,0xCB,0xEF,0xF7,0xFB,0xAA,
    0x43,0xA1,0xCB,0xE5,0x52,0x46,0x47,0x47,0x13,0xAB,0xAB,0xAB,0x73,0x6E,0xB7,
    0x3B,0x40,0x08,0xA1,0x1B,0x37,0x6E,0xAC,0x11,0x45,0x51,0x64,0x8C,0x41,0xA9,
    0x54,0x5A,0x99,0x9C,0x9C,0x1C,0x5D,0x5E,0x5E,0x9E,0x59,0x58,0x58,0x98,0x0D,
    0x06,0x83,0x71,0x84,0x10,0x72,0xBB,0xDD,0xD2,0xC1,0x83,0x07,0x9B,0xDD,0x6E,
    0xF7,0xAC,0xAE,0xEB,0x48,0x14,0x45,0xE4,0xF5,0x7A,0xC3,0xCF,0x3C,0xF3,0x4C,
    0x64,0x68,0x68,0x28,0x6B,0x18,0x86,0x6B,0x1D,0x85,0xAC,0xEB,0xD9,0x6B,0x15,
    0xC2,0x74,0x5D,0x5F,0x9D,0x9F,0x9F,0x7F,0x60,0x18,0x86,0x21,0x08,0x82,0x33,
    0x1C,0x0E,0xD7,0x52,0x4A,0x05,0xC3,0x30,0x8C,0x7C,0x3E,0x3F,0x3F,0x37,0x37,
    0x37,0xBF,0xB4,0xB4,0xB4,0x18,0x8B,0xC5,0x98,0xC3,0xE1,0x70,0x10,0x42,0x04,
    0x9B,0x7D,0x94,0x67,0x67,0x67,0x1F,0x28,0x8A,0xB2,0x58,0x2A,0x95,0xF2,0x4E,
    0xA7,0xB3,0x06,0x00,0x50,0x67,0x67,0x67,0xFB,0xD9,0xB3,0x67,0xFF,0x56,0x10,
    0x04,0xC1,0xE5,0x72,0xB9,0x11,0x42,0x8F,0xC3,0x0E,0x00,0x98,0x8A,0xA2,0xAC,
    0x5A,0x96,0x65,0x51,0x4A,0x05,0x8C,0x31,0xE9,0xED,0xED,0xED,0xE9,0xE8,0xE8,
    0x68,0xBB,0x7B,0xF7,0x6E,0xCA,0x34,0x4D,0x46,0x08,0x01,0x8C,0x31,0xDE,0xB6,
    0x6D,0xDB,0x96,0xCE,0xCE,0xCE,0xF6,0xB1,0xB1,0xB1,0x99,0x0A,0xA7,0x5F,0xCF,
    0x43,0xAA,0x95,0x60,0x9A,0x26,0xD3,0x75,0xDD,0xAC,0x58,0x64,0x5B,0x5B,0x5B,
    0xEB,0xD9,0xB3,0x67,0xFF,0xA6,0x82,0x05,0x63,0x5C,0x1D,0x1A,0x39,0x21,0x44,
    0xBB,0x72,0xE5,0x4A,0x76,0x6A,0x6A,0x6A,0x2C,0x14,0x0A,0x6D,0xC2,0x18,0x93,
    0x78,0x3C,0xDE,0x4C,0x08,0xA1,0x96,0x65,0xF1,0x54,0x2A,0x95,0xB8,0x77,0xEF,
    0xDE,0xE4,0xC4,0xC4,0xC4,0x62,0x32,0x99,0xBC,0xD9,0xDE,0xDE,0xDE,0x27,0x8A,
    0xA2,0x8B,0x10,0x42,0x77,0xEE,0xDC,0xD9,0xD3,0xD3,0xD3,0xD3,0x6E,0x59,0x96,
    0x89,0x31,0xC6,0x84,0x10,0x82,0x10,0x62,0xA2,0x28,0x5E,0xD6,0x34,0xCD,0x59,
    0x9D,0x6B,0x55,0xE0,0xAE,0x17,0x66,0x6D,0x23,0x7D,0x7C,0xFD,0xCE,0x01,0xA0,
    0x38,0x3F,0x3F,0x9F,0x50,0x55,0x35,0xCF,0x39,0x07,0x51,0x14,0x45,0x00,0x40,
    0x86,0x61,0x94,0xB3,0xD9,0xEC,0x14,0x00,0xCC,0x65,0xB3,0xD9,0x84,0x65,0x59,
    0x06,0x00,0xE0,0x0A,0xC5,0xCC,0xE7,0xF3,0x99,0x85,0x85,0x85,0xF1,0x89,0x89,
    0x89,0xB1,0xD9,0xD9,0xD9,0x21,0xC3,0x30,0x4C,0x3B,0x8E,0x0B,0x3E,0x9F,0x2F,
    0x20,0x49,0x92,0x47,0x55,0x55,0x2D,0x91,0x48,0xCC,0x58,0x96,0xC5,0x39,0xE7,
    0x40,0x29,0x2D,0xCD,0xCF,0xCF,0x8F,0x17,0x0A,0x85,0x85,0xAA,0x30,0x43,0x5C,
    0x2E,0x97,0x5B,0x14,0x45,0xB2,0xBA,0xBA,0x5A,0x5C,0xDB,0xEE,0xF5,0x7A,0x25,
    0x3B,0xE7,0x01,0xCE,0x39,0xD8,0x07,0x24,0x03,0x00,0x4E,0x08,0xD1,0xF8,0x17,
    0x94,0xA5,0x72,0xA8,0x17,0xC6,0xC7,0xC7,0x13,0x4F,0xC2,0xF2,0xF0,0xE1,0xC3,
    0x79,0xD3,0x34,0xB9,0xBD,0x8E,0x41,0x08,0xD1,0x74,0x5D,0xCF,0x24,0x93,0xC9,
    0xCF,0x35,0x4D,0x2B,0xD9,0x18,0x2B,0xB9,0x8B,0x9E,0x4E,0xA7,0x6F,0xDD,0xBF,
    0x7F,0x7F,0x16,0x00,0x16,0x3E,0xFB,0xEC,0xB3,0x4F,0x66,0x66,0x66,0xEE,0x18,
    0x86,0x61,0x55,0xF0,0x39,0x9D,0x4E,0xB7,0xDB,0xED,0xF6,0xB9,0x5C,0x2E,0x8F,
    0x28,0x8A,0x12,0xA5,0xD4,0xED,0xF1,0x78,0xFC,0x55,0xCC,0xAF,0x42,0x44,0x34,
    0x5B,0xD6,0x0C,0x63,0xFC,0x7B,0x98,0x31,0xC6,0x06,0x00,0x58,0xD5,0xD7,0x0A,
    0x4A,0x22,0x91,0x18,0x9E,0x9F,0x9F,0xFF,0x24,0x12,0x89,0xF4,0xD9,0xDE,0x63,
    0xCD,0xCF,0xCF,0x7F,0x3E,0x31,0x31,0xF1,0x39,0x00,0xCC,0x4E,0x4E,0x4E,0x7E,
    0xD2,0xD3,0xD3,0xB3,0xDB,0xEF,0xF7,0x6F,0xB4,0x95,0xA9,0xA7,0xD3,0xE9,0xDF,
    0x8C,0x8C,0x8C,0x8C,0x8E,0x8C,0x8C,0x2C,0xFF,0xF6,0xB7,0xBF,0x3D,0xE7,0x74,
    0x3A,0xFD,0x91,0x48,0xA4,0x97,0x52,0xEA,0x64,0x8C,0x59,0x8A,0xA2,0x2C,0x5D,
    0xBD,0x7A,0xF5,0x8A,0x61,0x18,0x56,0x43,0x43,0xC3,0x41,0xFC,0x45,0x19,0xBD,
    0x7D,0xFB,0xF6,0xB5,0xEB,0xD7,0xAF,0xE3,0xFE,0xFE,0xFE,0x33,0xF6,0xF5,0x02,
    0x62,0x8C,0x69,0x96,0x65,0xA5,0xAF,0x5C,0xB9,0x72,0xEB,0xF0,0xE1,0xC3,0x5F,
    0x71,0x3A,0x9D,0x35,0x08,0x21,0x64,0x59,0x96,0x6E,0x9A,0x66,0x49,0x51,0x94,
    0x05,0x42,0x08,0x36,0x4D,0x73,0x95,0x10,0x92,0xB2,0x6F,0x48,0x2D,0x42,0xC8,
    0x8C,0xAA,0xAA,0x29,0xC3,0x30,0x82,0x8C,0x31,0x95,0x10,0xF2,0xD9,0xE5,0xCB,
    0x97,0x67,0xEB,0xEB,0xEB,0xB5,0x68,0x34,0xDA,0x4B,0x08,0x71,0x30,0xC6,0xAC,
    0x52,0xA9,0x94,0xB9,0x7E,0xFD,0xFA,0xD5,0x42,0xA1,0x60,0x06,0x83,0xC1,0x83,
    0x84,0x10,0xCA,0x39,0x9F,0x94,0x24,0x69,0x05,0x00,0x56,0x47,0x47,0x47,0x3F,
    0xEB,0xEB,0xEB,0xBB,0x56,0x5F,0x5F,0xBF,0xD5,0xCE,0x0B,0x78,0xA9,0x54,0x4A,
    0x26,0x12,0x89,0x4F,0x00,0x60,0x19,0x00,0x4A,0xE7,0xCF,0x9F,0x1F,0x0A,0x06,
    0x83,0xFF,0xFC,0xF4,0xD3,0x4F,0x3F,0xDF,0xDC,0xDC,0xBC,0x8D,0x52,0x2A,0x63,
    0x8C,0x71,0x85,0x49,0x59,0x96,0xA5,0x16,0x8B,0xC5,0x99,0x85,0x85,0x85,0x4F,
    0x45,0x51,0x24,0xE5,0x72,0xB9,0x13,0x21,0xE4,0x30,0x0C,0x63,0x91,0x10,0x32,
    0x63,0xDF,0xFA,0x62,0x8C,0xF1,0xB4,0xAA,0xAA,0x29,0x8C,0xB1,0x9F,0x31,0x56,
    0xC2,0x18,0x4F,0x01,0x80,0x82,0xD6,0x7C,0xAC,0xF2,0x0D,0x0C,0x0C,0xB4,0x05,
    0x02,0x81,0x66,0xC3,0x30,0x5C,0x94,0x52,0x75,0x79,0x79,0x39,0xFD,0xCB,0x5F,
    0xFE,0x32,0x61,0x33,0x94,0x9A,0x53,0xA7,0x4E,0xB5,0xBB,0xDD,0xEE,0xB0,0x65,
    0x59,0x82,0x20,0x08,0xA5,0x54,0x2A,0xF5,0xF0,0xC3,0x0F,0x3F,0x4C,0xDA,0xC2,
    0x09,0x1C,0x3F,0x7E,0xBC,0x6B,0xCB,0x96,0x2D,0x5B,0x65,0x59,0x0E,0x1A,0x86,
    0xA1,0x4E,0x4F,0x4F,0x27,0xDE,0x7E,0xFB,0xED,0x89,0xAD,0x5B,0xB7,0x42,0x57,
    0x57,0x57,0x03,0x42,0x08,0xAF,0xAC,0xAC,0xA4,0x2E,0x5C,0xB8,0xF0,0x28,0x16,
    0x8B,0xD5,0x1E,0x3F,0x7E,0x7C,0x47,0x43,0x43,0x43,0x1B,0x42,0x48,0xD4,0x34,
    0x2D,0x73,0xFF,0xFE,0xFD,0xFB,0x57,0xAE,0x5C,0x29,0x9E,0x3E,0x7D,0xBA,0x3D,
    0x14,0x0A,0xB5,0x62,0x8C,0x05,0x45,0x51,0x56,0x27,0x26,0x26,0xE6,0x44,0x51,
    0x34,0x10,0x42,0x5C,0x14,0xC5,0x95,0xB1,0xB1,0xB1,0xF1,0xAB,0x57,0xAF,0xCE,
    0x01,0x00,0xEF,0xED,0xED,0x0D,0xED,0xDE,0xBD,0x7B,0x93,0xA6,0x69,0x01,0x41,
    0x10,0x94,0x99,0x99,0x99,0xE4,0xA5,0x4B,0x97,0x4A,0xCF,0x3E,0xFB,0x6C,0xEB,
    0xD6,0xAD,0x5B,0xB7,0xC8,0xB2,0x1C,0xD4,0x75,0xBD,0x9C,0x4C,0x26,0x1F,0x5C,
    0xB8,0x70,0x21,0x11,0x8F,0xC7,0x79,0x6F,0x6F,0x6F,0x18,0x00,0x48,0xA1,0x50,
    0x48,0xBF,0xF3,0xCE,0x3B,0x09,0xFB,0x2A,0xDE,0x7F,0xF2,0xE4,0xC9,0x76,0xAF,
    0xD7,0xDB,0x68,0x9A,0xA6,0x93,0x10,0xA2,0x1B,0x86,0xF1,0xE8,0xED,0xB7,0xDF,
    0x9E,0x00,0x80,0x8C,0x7D,0x7D,0x2E,0x00,0x40,0x60,0xFF,0xFE,0xFD,0x6D,0x3D,
    0x3D,0x3D,0x9B,0x43,0xA1,0x50,0xA3,0x20,0x08,0x12,0x00,0x80,0xAE,0xEB,0x6A,
    0x36,0x9B,0xCD,0xA4,0xD3,0xE9,0xC4,0x2F,0x7E,0xF1,0x8B,0xE9,0x23,0x47,0x8E,
    0x08,0xB1,0x58,0xAC,0x49,0xD7,0x75,0x49,0x10,0x84,0xE5,0xA1,0xA1,0xA1,0xF1,
    0x9B,0x37,0x6F,0x3E,0x02,0x00,0xF4,0xD4,0x53,0x4F,0x45,0xBA,0xBB,0xBB,0x3B,
    0x34,0x4D,0xF3,0x0B,0x82,0x50,0x48,0xA5,0x52,0x0F,0x06,0x07,0x07,0xD3,0x68,
    0x9D,0x2F,0x88,0x82,0x5D,0xB1,0x1D,0x12,0x0C,0xBB,0x32,0x9B,0x3F,0x0B,0xB6,
    0xF7,0x60,0x3B,0x07,0x30,0x6C,0xA0,0x95,0x7E,0xA7,0x7D,0xD7,0xEF,0xB0,0xFB,
    0x15,0x00,0x28,0xAF,0xF9,0x20,0x66,0xDA,0x95,0x02,0x80,0x64,0x8F,0xC7,0xB6,
    0xF5,0x54,0xFE,0xB8,0xE0,0xB4,0xFB,0xB0,0xFD,0x0E,0xB5,0x92,0x73,0xAC,0x79,
    0x6F,0xE5,0x4F,0x13,0x95,0x6F,0x1A,0x15,0xCC,0xDC,0x6E,0xAB,0x60,0x31,0xED,
    0xB5,0x55,0xBB,0x4F,0xB0,0x19,0x4F,0xF5,0xFE,0xD6,0xEE,0x9F,0x57,0xF5,0x5B,
    0x6B,0xE4,0x24,0xDA,0xF8,0x5C,0xF6,0xF8,0xCA,0xBE,0x2A,0x7B,0x30,0xEC,0xF5,
    0xAB,0x65,0xA5,0x57,0xAD,0x43,0xED,0x79,0x15,0xCC,0x3A,0x00,0x98,0xFF,0x05,
    0xDA,0xCB,0xFA,0x6E,0xC1,0x67,0x54,0xBD,0x00,0x00,0x00,0x00,0x49,0x45,0x4E,
    0x44,0xAE,0x42,0x60,0x82
};
/*----------------------------------------------------------------------------*/
/**
 * @var    logo_wallabyss_size
 * @brief  Size of Wallpaper Abyss logo array
 *
 * @var    logo_wallabyss
 * @brief  Wallpaper Abyss logo array with data
 */
static const int logo_wallabyss_size = 2543;
static const unsigned char logo_wallabyss[] =
{
    0x89,0x50,0x4E,0x47,0x0D,0x0A,0x1A,0x0A,0x00,0x00,0x00,0x0D,0x49,0x48,0x44,
    0x52,0x00,0x00,0x00,0x64,0x00,0x00,0x00,0x0D,0x08,0x02,0x00,0x00,0x00,0xD0,
    0x7B,0x5C,0x91,0x00,0x00,0x09,0xB6,0x49,0x44,0x41,0x54,0x48,0xC7,0xBD,0x57,
    0x5B,0x73,0x5B,0x57,0x15,0xFE,0xD6,0x3E,0xE7,0xE8,0x66,0xC9,0x92,0xE5,0xAB,
    0x6C,0x4B,0xB1,0x64,0x47,0x91,0xAF,0xA9,0x9D,0xE6,0xDA,0xA4,0x69,0xA0,0x4D,
    0x81,0x70,0x2B,0x33,0xC0,0x14,0x86,0x19,0x2E,0xC3,0x0B,0x03,0x3F,0x80,0x37,
    0x1E,0x78,0x61,0x86,0x07,0x5E,0x78,0x61,0x06,0x28,0x30,0x65,0x80,0x4E,0x69,
    0x69,0x0B,0x49,0x99,0x34,0x89,0xDB,0x98,0xDC,0x9C,0xAB,0xD3,0x38,0x96,0x13,
    0x5F,0xE2,0xBB,0x25,0xCB,0x96,0x8E,0x74,0x8E,0xCE,0xD1,0x39,0x7B,0xF1,0x90,
    0xB6,0x49,0x4A,0x19,0x86,0x99,0x4E,0xF7,0xE3,0x3E,0xB3,0xCE,0xB7,0xF7,0xB7,
    0xBE,0x6F,0xAF,0xB5,0xA8,0xFB,0xAB,0xBF,0x14,0xA1,0x65,0x77,0xEC,0x25,0xD4,
    0x1C,0xB0,0x4A,0x99,0xE7,0x45,0xEF,0x30,0xCF,0xBD,0x26,0xAF,0x9D,0x06,0x08,
    0xA2,0x89,0x0E,0xFE,0x80,0xEC,0x5B,0xF2,0xD2,0xCB,0x70,0x19,0x0F,0x2F,0x26,
    0xDA,0xFE,0x35,0xEA,0x69,0x91,0xA7,0x7F,0x8B,0x8E,0x2F,0x88,0x54,0x48,0x8E,
    0xFD,0x01,0xA6,0x89,0x4F,0x7E,0x31,0xEA,0x9A,0xE2,0xFB,0x0F,0xEC,0xD6,0x4A,
    0x33,0xEF,0x8C,0x5D,0x2F,0x3B,0x0C,0x40,0x68,0xA1,0x5D,0x4F,0x1E,0xA4,0xB5,
    0xC9,0xCB,0x13,0xB3,0x2E,0xD1,0xC7,0x82,0x23,0xE0,0x8B,0x52,0xDF,0x11,0x0A,
    0x86,0x00,0x86,0xDA,0x44,0xA9,0xC3,0xB4,0x6D,0x40,0xF4,0x1C,0x84,0x57,0x05,
    0x24,0xEA,0xFA,0x44,0x7A,0x84,0x42,0x0A,0x24,0x7F,0x44,0x6C,0xB4,0x5B,0x74,
    0xF7,0x93,0xD7,0x4F,0x0D,0xDB,0x45,0xB2,0x17,0x1E,0xEF,0x43,0x5F,0xE9,0x93,
    0xE3,0x8A,0x94,0xB6,0xEE,0xE1,0x74,0x32,0x91,0xEE,0x1F,0xE9,0x69,0x0B,0x31,
    0x03,0x80,0x50,0xFD,0xB1,0xAE,0x54,0x5B,0x4B,0x44,0x7C,0x7C,0x40,0x2A,0xAF,
    0xCD,0xC2,0x1D,0xA0,0x96,0x66,0xDE,0x2C,0xA0,0x2E,0x41,0x2D,0x61,0x9E,0xBA,
    0x4C,0x9D,0x09,0x0A,0xB7,0xF0,0xDA,0x22,0x5A,0xBA,0x49,0x81,0x5C,0xB8,0x01,
    0xF8,0x50,0x9F,0xA4,0xC6,0x76,0x68,0xE0,0xE2,0x02,0x36,0x66,0x61,0xBB,0xEF,
    0x13,0xC2,0x0F,0x52,0xEC,0xEB,0x84,0x57,0x05,0x7B,0xA9,0x39,0x01,0x6B,0x9D,
    0xD7,0xB3,0xB0,0x0D,0x80,0x40,0x1A,0x82,0x5D,0xD4,0x14,0x87,0xA6,0x40,0x5F,
    0xE2,0xFC,0x0C,0x6C,0x13,0x9E,0x16,0x84,0x42,0xA8,0x81,0x9A,0x93,0x70,0x4A,
    0x9C,0xBB,0x0D,0xB3,0x04,0x10,0x40,0x08,0xC4,0xA9,0xB9,0x1B,0x1A,0xF3,0xC6,
    0x34,0x8A,0x4B,0x90,0x80,0xD6,0x8C,0x60,0x10,0xD2,0x47,0xD1,0x46,0xCE,0x4D,
    0xA0,0x5C,0xFC,0x00,0x54,0xF5,0x37,0x65,0x32,0x6D,0x85,0xF9,0x77,0xDD,0xD6,
    0x74,0xB2,0x27,0x79,0x6B,0xE9,0x9A,0xCD,0x74,0x3F,0x5F,0x44,0x22,0x1A,0x4B,
    0xD4,0x07,0x3D,0xA5,0x42,0x2E,0xBF,0x55,0x72,0xA1,0x84,0x1B,0xA2,0x30,0x4B,
    0x45,0xC3,0x02,0x00,0x52,0x42,0x0D,0x51,0xAA,0x16,0x4B,0xA6,0x1B,0x0C,0x47,
    0x9B,0x9B,0x1A,0x54,0x69,0x6F,0xE4,0x73,0x5B,0x7A,0x45,0x32,0x93,0xE2,0x8D,
    0x34,0x36,0x37,0x45,0xEA,0x1C,0xB3,0x92,0xCF,0xE7,0x74,0xD3,0x56,0xB1,0x9E,
    0x65,0x47,0x52,0x2C,0x8D,0xA9,0x69,0x34,0x8E,0x90,0x56,0x71,0xE7,0xFF,0x25,
    0x3A,0xBE,0x4D,0x4D,0x71,0x5E,0xCB,0x53,0x73,0x02,0x72,0x81,0x57,0x36,0xA8,
    0xFF,0x3B,0x62,0xCF,0x11,0xC8,0x1A,0x48,0x21,0x9F,0x26,0x27,0x7E,0x2F,0xC7,
    0xDE,0xF8,0x0F,0x05,0x69,0xD8,0xF1,0x3D,0xE5,0xB1,0x2E,0xB8,0x0A,0x29,0x02,
    0x9A,0x97,0x97,0xCF,0xBA,0xEF,0xFC,0x06,0xBA,0x85,0xED,0xCF,0x2B,0xFB,0x3E,
    0x4F,0x8A,0xCD,0x2C,0xC8,0x17,0x90,0xD9,0x97,0xE4,0xDB,0x7F,0x46,0xE7,0x31,
    0xE5,0xD3,0x9F,0x66,0xDD,0x25,0x9F,0x4A,0xAA,0x87,0x4B,0x13,0x72,0xF4,0x57,
    0xBC,0xB6,0x8E,0x8E,0xCF,0x88,0x27,0x9E,0x17,0xF5,0x1A,0xBB,0x20,0xB2,0xE5,
    0xD5,0x17,0xE4,0x8D,0x51,0xC4,0x8F,0x29,0x87,0x0F,0xC3,0xAE,0xA3,0x3A,0x85,
    0xA7,0x7F,0xEF,0x8E,0xBE,0x0E,0x29,0xEF,0xEB,0x2A,0x9A,0x48,0xC6,0x83,0xEA,
    0xE4,0xE5,0x9B,0x45,0xBD,0xF1,0x60,0x32,0xD9,0x7C,0x65,0x72,0xB1,0x64,0x03,
    0x00,0x94,0xE6,0xCE,0xC1,0x63,0x5D,0x0A,0x20,0x3C,0xC2,0x79,0xF7,0xE2,0xE8,
    0x85,0xA9,0xC2,0xC8,0x91,0x2F,0xB5,0x97,0xAE,0xBE,0xF2,0xD6,0x65,0xC3,0x85,
    0x3F,0xDA,0x75,0xF4,0x4B,0x47,0x56,0x2F,0xBC,0x39,0x53,0x8B,0x3D,0x7D,0x68,
    0xC4,0xCB,0xB6,0x24,0x45,0x13,0xE6,0xF8,0xE8,0x3F,0xAF,0xDE,0x2D,0xF7,0xED,
    0x3D,0xB2,0x7F,0xB0,0xC3,0xAD,0x39,0x42,0xF5,0x70,0xE9,0xDE,0x5B,0x27,0x4F,
    0xAB,0xA8,0x64,0xE5,0x86,0x25,0x1A,0xFA,0xE0,0x19,0xA5,0x64,0x3F,0xCC,0x45,
    0x2C,0x4D,0xF3,0x96,0x45,0x5D,0xDB,0x71,0x67,0x11,0xD1,0x2E,0xAC,0x9D,0x67,
    0xA7,0x55,0xEC,0x7C,0x12,0x8B,0x27,0xDD,0x4B,0x27,0x80,0x88,0x38,0xF0,0x23,
    0x91,0x39,0xCA,0x57,0x4F,0x3D,0x2A,0x2B,0x00,0x20,0xD5,0x47,0x4D,0x6D,0x7C,
    0xEE,0xD7,0xCE,0xC4,0x39,0xC4,0x9E,0x51,0x3E,0xF5,0x9C,0xD8,0x79,0x47,0x8E,
    0x4F,0x8B,0xA1,0x23,0x28,0x9D,0x75,0xC7,0xFE,0xC6,0x96,0x8F,0x46,0xBE,0xAB,
    0xF4,0x1E,0xE0,0x2B,0x27,0x58,0xF5,0x52,0x43,0x07,0xE6,0xFF,0xE8,0x5E,0x3C,
    0x8E,0xFA,0x61,0xE5,0xE9,0xEF,0x8B,0x5D,0x4B,0xEE,0xE8,0x98,0x38,0xF0,0x0D,
    0xE1,0x59,0x70,0xDF,0x7C,0x91,0x75,0x49,0x43,0xCF,0x2B,0xBB,0xBF,0xC9,0xCB,
    0x59,0x56,0xBD,0xD4,0x18,0xE7,0x1B,0x2F,0xBB,0x17,0xA6,0x51,0xB8,0x01,0xE9,
    0xBE,0x97,0x27,0xC5,0x9F,0xDC,0xB6,0x4D,0x18,0xF7,0x6E,0xCF,0xAE,0xBB,0x56,
    0xB6,0xDA,0x77,0xB0,0x3F,0xD9,0xB2,0x72,0x7D,0x11,0x00,0x41,0x0D,0x7A,0xAA,
    0xA7,0xDE,0x1A,0xBD,0x57,0xA4,0xCC,0xDE,0xA7,0x76,0xED,0x79,0x62,0x7D,0xE5,
    0xD5,0xDC,0xEA,0x6A,0xEF,0xE0,0x8E,0xF6,0xF1,0x9B,0xD3,0x05,0xA7,0xA5,0xBB,
    0xB7,0x45,0x54,0x27,0x0A,0xD5,0xDE,0x7D,0x19,0x7F,0x39,0xFB,0x8F,0x93,0xE3,
    0xBA,0x08,0x0F,0x1F,0x3C,0xDC,0xDE,0xDE,0x91,0x2D,0x94,0x76,0xF6,0xA6,0x36,
    0x26,0xCF,0x9C,0xB9,0x3A,0xAB,0x35,0xA5,0x0E,0x1D,0x1A,0x8C,0xB5,0x44,0x54,
    0xB8,0x05,0xCC,0x4D,0x61,0xA8,0x9D,0xC2,0xDD,0xD4,0xDA,0xC4,0xEB,0x67,0xB8,
    0x7C,0x0F,0xF9,0x25,0x91,0xDA,0x45,0x91,0x3B,0xA2,0x39,0x22,0x6F,0xCE,0xA0,
    0x32,0x25,0x4F,0xFC,0x14,0xAA,0x46,0x91,0x1E,0x44,0x3A,0xE0,0x0F,0x40,0xF1,
    0x42,0x13,0x1F,0xFD,0xD8,0x6E,0xDC,0x95,0xB7,0x4F,0xA2,0x54,0x80,0x71,0x82,
    0xFB,0x8F,0x89,0x96,0x61,0x29,0x4F,0xCA,0x93,0x3F,0x83,0x57,0x45,0x20,0x45,
    0xB1,0x0E,0x0A,0x86,0xE0,0xA9,0x83,0xEA,0x05,0x03,0xC6,0x82,0x9C,0x3C,0x89,
    0xAD,0x05,0x94,0x8A,0xF2,0xEE,0xE7,0x94,0xC4,0x00,0xB5,0xE4,0xA9,0xA1,0x8D,
    0x57,0x2E,0xA2,0x79,0x80,0x9A,0x19,0xB2,0x04,0x75,0x1F,0x75,0xC6,0xB9,0x02,
    0x38,0x79,0x79,0xFB,0x14,0xCF,0xDD,0x82,0x10,0x1F,0x28,0xDA,0x1B,0x69,0x4D,
    0x24,0xDB,0xB6,0xE6,0x2E,0x7A,0x1B,0x5A,0xA5,0x6B,0xE9,0xA6,0xB3,0xAD,0xAF,
    0x2F,0x3A,0xB5,0xBC,0x09,0x30,0xDB,0xF7,0x66,0xA7,0x6F,0xCF,0xAC,0x58,0x8C,
    0x9B,0xD7,0xA7,0x76,0xA6,0xF6,0xB4,0xB7,0x87,0x2F,0xCD,0xCE,0xEF,0x19,0x7C,
    0xB2,0x27,0x15,0x9B,0x33,0xF4,0x4C,0x77,0x8B,0xBE,0x7E,0x7B,0x69,0xC3,0x88,
    0x98,0x96,0xBF,0xA3,0xFB,0xF1,0x3D,0x62,0x79,0x65,0x29,0x3B,0x76,0xA2,0x54,
    0x2A,0x56,0xB5,0x56,0xD3,0x76,0xDA,0x7A,0x06,0x77,0x6B,0x91,0x95,0xC5,0xA5,
    0xD1,0xBF,0xBF,0xA1,0x97,0x74,0x15,0x6C,0x71,0xEE,0x3A,0x3C,0x5F,0xA1,0xD8,
    0x00,0x05,0x54,0x9E,0x9B,0x84,0xAC,0xF0,0xBD,0x29,0x4E,0x1F,0xA5,0xCE,0x01,
    0x78,0x74,0xCE,0xDF,0x81,0x12,0xA1,0xF4,0x73,0xA2,0x6F,0x27,0xB1,0x64,0x7B,
    0x13,0xD0,0x00,0xF7,0xBF,0x3C,0xE4,0xC4,0x55,0x93,0xAD,0x0A,0x48,0x80,0x0D,
    0x36,0x2C,0x84,0x43,0xD0,0xC2,0x94,0x3A,0x26,0x46,0xF6,0x11,0xBB,0x6C,0x97,
    0x60,0x7D,0xC0,0x32,0xB3,0x55,0x86,0xA5,0x03,0x04,0xAE,0xA1,0xAC,0x43,0x0B,
    0xC0,0x1F,0x22,0xCD,0x87,0xD6,0xFD,0x22,0xE2,0x00,0x00,0x09,0x36,0xD7,0x01,
    0x09,0x06,0x6C,0x13,0x35,0x03,0x24,0x1E,0x02,0x55,0x5A,0x92,0xFD,0x9D,0x21,
    0xD5,0x49,0x0D,0x3D,0x9B,0x18,0x00,0x48,0xF3,0x79,0x02,0x75,0x89,0x78,0x7B,
    0xC3,0xE6,0x32,0x20,0x5D,0xA3,0x6A,0x3A,0x0C,0x22,0x72,0x8C,0xB2,0x25,0x48,
    0xF3,0x78,0x2B,0x6B,0xF3,0xD9,0x7C,0xB5,0x67,0x5B,0x4F,0xAC,0xB0,0x1E,0xAB,
    0x57,0xEF,0x5E,0xCE,0x1A,0x56,0x79,0xE2,0xC2,0x59,0x58,0xC3,0x83,0xE9,0xED,
    0x1D,0xA9,0x1D,0xBB,0xD9,0xBE,0x73,0xE5,0xEC,0xDB,0x97,0xB2,0x6F,0x8F,0x9E,
    0x1E,0x1E,0x79,0xAC,0x67,0xC7,0x50,0x4F,0x66,0xC8,0xAD,0x6E,0x5E,0x3A,0x73,
    0x52,0x05,0x31,0x8A,0x33,0x5C,0x51,0x68,0x5B,0x3F,0xF1,0xA2,0xCC,0x2D,0x03,
    0x40,0xEE,0x1A,0x6A,0x9F,0xA5,0xD4,0x3E,0x32,0x57,0xB1,0xB1,0x8A,0xB6,0xE7,
    0x94,0x9D,0x7B,0xE5,0xD4,0x9F,0xDC,0xEB,0x67,0x61,0x54,0x69,0xDF,0x8F,0x95,
    0x74,0xF4,0x81,0x94,0x3E,0x54,0x9A,0xFC,0x01,0xF2,0x85,0xB8,0xBC,0x0E,0xA5,
    0x81,0xC2,0x3E,0xAE,0xE5,0x10,0x79,0x5C,0x8C,0x3C,0x83,0xF9,0x97,0xDC,0x6B,
    0xA7,0xB9,0x54,0xA4,0x81,0xEF,0x2A,0xB1,0xFE,0xFB,0xCC,0x92,0x37,0x04,0x6F,
    0x3D,0x78,0x0D,0x4A,0x00,0xD1,0x26,0x54,0x73,0x30,0x8A,0x6C,0x97,0x71,0xEB,
    0x05,0xF7,0xCA,0x25,0x30,0x50,0x17,0xA7,0xCE,0x0C,0xEE,0xCD,0xA2,0x75,0x18,
    0xE0,0x47,0xE1,0x58,0xF8,0x1A,0x7A,0xD3,0xED,0x95,0xD5,0xEC,0xA9,0xD1,0xCB,
    0x86,0xC3,0x00,0xD4,0xBA,0xB6,0x27,0x3F,0xF3,0x54,0x26,0x95,0x98,0x5A,0x5D,
    0x82,0x50,0x02,0xFE,0x80,0x4A,0x6C,0x31,0x79,0xC3,0x51,0x9F,0xCB,0xA6,0x61,
    0xC8,0x9A,0x3E,0x7B,0x6B,0x66,0xE0,0x60,0x67,0x4F,0xAA,0x5E,0xD3,0x97,0xB3,
    0x4B,0x5B,0xAC,0xF8,0x1A,0x1B,0x1B,0xF2,0xB7,0xCF,0xBE,0x78,0xC1,0x89,0xB6,
    0xC6,0xFB,0x87,0xF7,0x0D,0xF4,0x0F,0x4E,0xCD,0xAD,0x7B,0x82,0x34,0x71,0xEA,
    0xB5,0x31,0xF8,0x63,0x89,0xE4,0xAE,0x7D,0x07,0x46,0xFA,0x32,0x2A,0x40,0x30,
    0x16,0x79,0xAB,0x28,0xB6,0xEF,0xE2,0x99,0x57,0xB9,0xBC,0x05,0x10,0xCC,0x7B,
    0x72,0xB5,0xA4,0x64,0xBA,0x79,0xEA,0x05,0x36,0x2C,0x34,0xFA,0x20,0x00,0xBB,
    0x02,0xF8,0x29,0xB1,0x57,0x24,0x92,0x50,0x4C,0x28,0xE2,0x21,0x65,0xD1,0x03,
    0xA1,0x45,0x7B,0xC4,0xE0,0x31,0x99,0x7D,0x17,0xB1,0xA7,0xA8,0x01,0x3C,0xFE,
    0x2F,0xA0,0x09,0x42,0xC0,0xD6,0x59,0xAA,0xD4,0xF1,0x04,0xA5,0xF7,0x92,0x52,
    0x83,0xA2,0x00,0x40,0x20,0x21,0x86,0x8E,0x49,0x9C,0x43,0xF8,0x31,0x91,0x8C,
    0xF2,0xD4,0x71,0x5E,0x9B,0xE4,0xFC,0x9A,0xC8,0x7C,0x91,0x0A,0x55,0x2E,0x39,
    0xD4,0xFB,0x65,0xA5,0xA7,0xCD,0xDD,0x38,0xF7,0x91,0x8E,0x8F,0xC4,0x3A,0xE3,
    0xD1,0xC0,0xEA,0xF8,0x8D,0xB9,0x85,0xA5,0xF7,0x6A,0xB3,0x5A,0x9A,0x9D,0x1D,
    0xD8,0x9D,0xCE,0x74,0xDE,0x5C,0x23,0xD2,0x12,0xA9,0xED,0x03,0x99,0xC2,0x9A,
    0xA1,0xF4,0xED,0x4A,0xA3,0x92,0x5B,0x5C,0xDC,0x00,0x64,0x7E,0x79,0x3A,0x67,
    0xEF,0x18,0xC8,0x84,0xE7,0x6F,0x8C,0x16,0x2A,0x35,0xF2,0xD4,0xA5,0xFB,0x77,
    0xA5,0x02,0x9D,0xEF,0x9C,0x9B,0xD8,0xB2,0x4C,0xB3,0xEA,0x58,0x35,0x9B,0x3D,
    0x0D,0xC3,0x7B,0x0F,0x73,0xC7,0x95,0xF3,0x37,0xE7,0x2D,0xC3,0xB0,0x6B,0x6E,
    0xD5,0xB6,0x55,0x80,0x20,0x37,0x79,0x79,0x06,0x5D,0x6D,0xBC,0x9A,0x85,0x23,
    0x01,0x01,0x67,0x13,0x8B,0x57,0xD1,0x1D,0xE5,0xB9,0xAB,0x90,0x0E,0x56,0xDF,
    0x76,0xB3,0x43,0x4A,0xFF,0xB7,0xC4,0xF6,0x2A,0xDB,0x39,0x5E,0xBC,0x86,0xAE,
    0x14,0x82,0x61,0xD4,0xAA,0x6C,0x1B,0x90,0x12,0x35,0x13,0xB6,0xF7,0xBD,0x5E,
    0xAC,0xB2,0x89,0xD8,0xA7,0x44,0xEA,0x18,0xA1,0x26,0xDF,0xFD,0x8B,0xBC,0x39,
    0x0E,0x8E,0xC9,0xA9,0x2B,0xCA,0x8E,0xAF,0xAB,0xC9,0x2F,0xB2,0xB5,0xC9,0x2B,
    0xE7,0xA5,0xFF,0x71,0xAA,0x0B,0x30,0x31,0xEC,0x4D,0xF8,0x76,0x8A,0x67,0x0E,
    0x42,0x00,0x33,0xC7,0xDD,0x2B,0xFF,0x84,0x59,0x92,0x63,0xBF,0xC3,0xFE,0xAF,
    0x2B,0x87,0x7E,0xC8,0x12,0x44,0xA6,0x1C,0x7F,0x91,0xD7,0x96,0xE1,0xAB,0xB2,
    0x65,0xC0,0x75,0x1F,0xD2,0xB0,0xDA,0xD8,0x1C,0xF7,0xDA,0x2B,0x93,0x77,0x72,
    0x2E,0xD3,0x7D,0xAE,0xB8,0x66,0xCC,0xCC,0xCD,0xF4,0xC7,0x07,0x13,0x1D,0x21,
    0xBB,0x5A,0x5E,0x36,0x6A,0x03,0xFB,0x9F,0x1E,0x51,0x49,0x56,0xF3,0xE7,0xDF,
    0x39,0x3B,0xBF,0x65,0x13,0x91,0x55,0xCC,0x2F,0xAC,0x6E,0xC5,0x7B,0xC2,0x0B,
    0x73,0x73,0x36,0x13,0xD9,0xA5,0x1B,0xD7,0x2F,0x47,0x0E,0xED,0x7D,0xEA,0x68,
    0xDC,0x95,0x44,0x35,0xFD,0xD2,0xC5,0xCB,0x4B,0x4B,0xEB,0xE3,0xD7,0x6F,0x3D,
    0x31,0x32,0xFC,0xEC,0xB6,0x41,0x16,0xC2,0xDA,0x9C,0x39,0x7F,0x63,0x92,0x52,
    0xA9,0x14,0xC0,0x50,0xC2,0xF0,0xD5,0xC1,0xCA,0xC3,0xB1,0x01,0x02,0x18,0x6A,
    0x3D,0x7C,0x21,0x98,0x6B,0x70,0x5D,0x80,0xA1,0x35,0x22,0xDC,0x41,0x0A,0x71,
    0x65,0x05,0xA6,0x01,0x6F,0x10,0x56,0x0E,0x22,0x04,0x8F,0x06,0x23,0x0F,0x35,
    0x02,0x4D,0x81,0x59,0xA6,0x91,0x9F,0x28,0x43,0x41,0xF7,0xF8,0x2F,0x58,0x06,
    0x61,0x6D,0xA0,0xBC,0x02,0xD7,0x01,0x00,0x35,0x82,0xFA,0x4E,0xF2,0x28,0x5C,
    0x59,0x83,0xA1,0xC3,0x13,0x81,0x9D,0x47,0xEA,0x3B,0xEA,0xD1,0xFD,0xEE,0xEB,
    0x3F,0x67,0x53,0xC0,0xD1,0xA1,0x2F,0xC1,0xB1,0x00,0x02,0x03,0xDE,0x26,0x84,
    0xDA,0xA0,0x29,0x28,0xAF,0xA0,0x92,0x03,0x4B,0x28,0x21,0xF8,0xFC,0x30,0xF3,
    0x0F,0xB7,0xC7,0xAA,0xC7,0xEF,0xD7,0xB8,0x62,0x54,0x1F,0xDA,0x63,0x08,0x4F,
    0x9D,0xDF,0xEB,0xD6,0xAA,0xAC,0x78,0x48,0xBA,0x9A,0x3F,0x58,0xE7,0x55,0x0C,
    0xBD,0xA8,0x1B,0x55,0x06,0xDD,0x6F,0xEE,0xF7,0x3F,0xFB,0x85,0x1D,0x81,0x95,
    0xBF,0xBE,0x72,0x66,0xAB,0x76,0x3F,0x92,0xBC,0x81,0xBA,0xFA,0x50,0x50,0x83,
    0x5B,0x2E,0xEB,0xE5,0x4A,0x55,0x02,0x20,0x25,0x10,0x0A,0x85,0x02,0x01,0xB8,
    0x55,0xBD,0xA4,0x1B,0x56,0x4D,0x7D,0xCF,0x3B,0x6E,0x09,0x95,0xD2,0x23,0xB6,
    0x72,0x74,0x94,0xF5,0x07,0xE6,0xAA,0x15,0x90,0x2F,0x3C,0x38,0x92,0x51,0x01,
    0x00,0xB7,0x88,0x1A,0x00,0xA0,0xB6,0x85,0x1A,0x00,0x2F,0xC0,0x60,0x86,0x9D,
    0xC3,0xC6,0xDD,0xF7,0xAD,0x49,0x00,0xE0,0x14,0x51,0x28,0x3E,0x08,0x37,0x0D,
    0xB0,0x00,0x33,0xC0,0x70,0x4A,0x58,0x9F,0x07,0x3D,0x64,0x67,0x02,0xEC,0x3C,
    0x36,0xF2,0x8F,0xCC,0x03,0x6E,0x19,0x95,0xF2,0x87,0x8C,0xE8,0xD8,0xA6,0x6E,
    0x7F,0x68,0x8F,0x20,0x6B,0x95,0xCA,0xFD,0x63,0x39,0x00,0xAA,0x96,0xA5,0x3F,
    0xA8,0x45,0xA2,0x25,0x91,0xCE,0xA4,0xD3,0x3B,0xE2,0xC1,0xC9,0x33,0xB7,0x8B,
    0x35,0xF9,0xFE,0x7D,0xD9,0x32,0xCA,0x39,0xE3,0xD1,0xFF,0xB3,0x6B,0x94,0xB6,
    0x8C,0xD2,0xD6,0x83,0xDC,0x7C,0xAC,0x83,0x87,0xCB,0xB9,0x6B,0x32,0xEB,0x61,
    0xD3,0xFA,0xDF,0xD3,0x0E,0x31,0x8A,0xD3,0xF2,0x16,0xB8,0xAC,0x7F,0x72,0xA3,
    0x11,0x43,0x0B,0x04,0x9B,0xA2,0xDA,0xCC,0xB5,0xF3,0xD7,0x67,0xD6,0xF8,0xFF,
    0x04,0xFE,0x37,0xEE,0xF5,0xDD,0x5F,0x2B,0xD7,0xEA,0x7C,0x00,0x00,0x00,0x00,
    0x49,0x45,0x4E,0x44,0xAE,0x42,0x60,0x82
};
/*----------------------------------------------------------------------------*/
#ifdef HAVE_FLICKCURL
/**
 * @var    logo_flickr_svg
 * @brief  Flickr logo
 */
static const char *logo_flickr_svg = 
"<svg width=\"514.17\" height=\"155.72\" version=\"1.0\" viewBox=\"0 0 564.89 1"
"55.72\" xml:space=\"preserve\" xmlns=\"http://www.w3.org/2000/svg\"><g transfo"
"rm=\"matrix(1.0987 0 0 1.0987 0 -7.682)\"><g fill=\"#0063db\"><path d=\"m20.59"
"1 73.837h-20.591v-25.351h21.173v-6.436c0-31.185 14.18-42.05 42.151-42.05 7.576"
" 0 13.403 1.207 17.87 2.013l-2.136 24.947c-2.913-1.006-5.827-1.61-11.071-1.61-"
"8.935 0-12.432 6.438-12.432 16.7v6.437h24.863v25.351h-24.863v79.467h-34.964v-7"
"9.468z\"/><rect x=\"98.675\" y=\"2.415\" width=\"34.964\" height=\"150.89\"/><"
"rect x=\"163.55\" y=\"4.829\" width=\"34.965\" height=\"26.557\"/><rect x=\"16"
"3.55\" y=\"48.486\" width=\"34.965\" height=\"104.82\"/><path d=\"m303.6 78.46"
"2c-6.41-4.021-12.82-5.833-21.173-5.833-15.151 0-26.806 10.864-26.806 28.972 0 "
"16.699 13.598 27.561 28.749 27.561 7.965 0 15.93-1.809 21.756-5.029l0.777 26.9"
"59c-8.742 3.02-19.23 4.629-28.554 4.629-33.412 0-58.857-20.119-58.857-54.723 0"
"-34.806 25.445-54.924 58.857-54.924 10.49 0 19.812 1.811 27.777 5.834l-2.526 2"
"6.554z\"/><polygon points=\"321.48 2.415 356.44 2.415 356.44 92.548 356.83 92."
"548 385.96 48.486 424.23 48.486 389.07 96.569 427.14 153.3 384.8 153.3 356.83 "
"101.4 356.44 101.4 356.44 153.3 321.48 153.3\"/></g><path d=\"m512.42 77.456c-"
"3.885-1.205-7.771-1.205-11.848-1.205-16.316 0-25.447 12.271-25.447 32.793v44.2"
"6h-34.963v-104.82h31.855v19.314h0.389c6.02-13.279 14.762-21.728 29.914-21.728 "
"4.076 0 8.35 0.603 11.85 1.206l-1.75 30.178z\" fill=\"#ff0084\"/></g></svg>";
#endif
/*----------------------------------------------------------------------------*/
/**
 * @var    check_svg
 * @brief  Check graphics
 */
static const char *check_svg = 
"<svg width=\"64\" height=\"64\" version=\"1.1\" viewBox=\"0 0 16.933 16.933\" "
"xmlns=\"http://www.w3.org/2000/svg\" xmlns:xlink=\"http://www.w3.org/1999/xlin"
"k\"><defs><linearGradient id=\"linearGradient939\" x1=\"1.3229\" x2=\"17.198\""
" y1=\"15.875\" y2=\"-1.3229\" gradientUnits=\"userSpaceOnUse\"><stop stop-colo"
"r=\"#4a0\" offset=\"0\"/><stop stop-color=\"#7fff2a\" offset=\"1\"/></linearGr"
"adient></defs><path d=\"m15.575 2.6458-7.6379 13.229-6.6146-6.6146 1.8521-1.85"
"21 4.4979 5.8208 5.8208-11.906z\" fill=\"url(#linearGradient939)\" stroke=\"#0"
"00\" stroke-width=\".26458px\"/></svg>";
/*----------------------------------------------------------------------------*/
/**
 * @brief  Make pixbuf from pure data without specific info, scale it to width
 *         of i_dim.
 *
 * @param[in]  s_data  Input data
 * @param[in]  i_size  Size of input data
 * @param[in]  i_dim   Image with for scaling
 * @return     Pixbuf with icon
 */
static GdkPixbuf *
pbuf_from_data_scaled (const unsigned char *s_data,
                       gssize               i_size,
                       int                  i_dim)
{
    GdkPixbuf    *g_pbuf = nullptr; /* Return pixbuf */
    GInputStream *stream;        /* Stream for passing data to pixbuf */

    stream = g_memory_input_stream_new ();
    g_memory_input_stream_add_data (G_MEMORY_INPUT_STREAM (stream),
                                    s_data, i_size, nullptr);
    g_pbuf = gdk_pixbuf_new_from_stream_at_scale (stream,
                                                  i_dim,
                                                  -1,
                                                  TRUE,
                                                  nullptr,
                                                  nullptr);
    g_input_stream_close (stream, nullptr, nullptr);
    g_object_unref (stream);

    return g_pbuf;
}
/*----------------------------------------------------------------------------*/
/**
 * @brief  Make image from pure data without specific info.
 *
 * @param[in]  s_data  Input data
 * @param[in]  i_size  Size of input data
 * @return     Pixbuf with image
 */
static GdkPixbuf *
pbuf_from_data (const unsigned char *s_data,
                gssize               i_size)
{
    GdkPixbuf    *g_pbuf = nullptr; /* Return pixbuf */
    GInputStream *stream;        /* Stream for passing data to pixbuf */

    stream = g_memory_input_stream_new ();
    g_memory_input_stream_add_data (G_MEMORY_INPUT_STREAM (stream),
                                    s_data, i_size, nullptr);
    g_pbuf = gdk_pixbuf_new_from_stream (stream, nullptr, nullptr);
    g_input_stream_close (stream, nullptr, nullptr);
    g_object_unref (stream);

    return g_pbuf;
}
/*----------------------------------------------------------------------------*/
/**
 * @brief  Get image from stored data.
 */
GdkPixbuf *
get_image (const IconImg i_img)
{
    GdkPixbuf *gp_pbuf = nullptr; /* Return pixbuf */

    switch (i_img) {

        case W_ICON_ADD:
            gp_pbuf = pbuf_from_data_scaled ((const unsigned char*) add_svg,
                                             (gssize) strlen (add_svg),
                                             16);
            break;

        case W_ICON_ADD_DIR:
            gp_pbuf = pbuf_from_data_scaled ((const unsigned char*) add_dir_svg,
                                             (gssize) strlen (add_dir_svg),
                                             16);
            break;

        case W_ICON_ADD_WEB:
            gp_pbuf = pbuf_from_data_scaled ((const unsigned char*) add_web_svg,
                                             (gssize) strlen (add_web_svg),
                                             16);
            break;

        case W_ICON_REMOVE:
            gp_pbuf = pbuf_from_data_scaled ((const unsigned char*) rem_svg,
                                             (gssize) strlen (rem_svg),
                                             16);
            break;

        case W_ICON_UP:
            gp_pbuf = pbuf_from_data_scaled ((const unsigned char*) icon_up_svg,
                                             (gssize) strlen (icon_up_svg),
                                             16);
            break;

        case W_ICON_DOWN:
            gp_pbuf = pbuf_from_data_scaled (
                    (const unsigned char*) icon_down_svg,
                    (gssize) strlen (icon_down_svg),
                    16);
            break;

        case W_ICON_FLOPPY:
            gp_pbuf = pbuf_from_data (icon_floppy, icon_floppy_size);
            break;

        case W_ICON_SCREEN:
            gp_pbuf = pbuf_from_data (icon_screen, icon_screen_size);
            break;

        case W_ICON_DUPL:
            gp_pbuf = pbuf_from_data_scaled ((const unsigned char*) dupl_svg,
                                             (gssize) strlen (dupl_svg),
                                             16);
            break;

        case W_ICON_INFO:
            gp_pbuf = pbuf_from_data_scaled ((const unsigned char*) info_svg,
                                             (gssize) strlen (info_svg),
                                             20);
            break;

        case W_ICON_SETTING:
            gp_pbuf = pbuf_from_data_scaled ((const unsigned char*) setting_svg,
                                             (gssize) strlen (setting_svg),
                                             20);
            break;

        case W_ICON_EXIT:
            gp_pbuf = pbuf_from_data (icon_exit, icon_exit_size);
            break;

        case W_ICON_ABOUT:
            gp_pbuf = pbuf_from_data (image_about, image_about_size);
            break;

        case W_IMG_SCREEN_1:
            gp_pbuf = pbuf_from_data (image_screen_1, image_screen_1_size);
            break;

        case W_IMG_SCREEN_2:
            gp_pbuf = pbuf_from_data (image_screen_2, image_screen_2_size);
            break;

        case W_IMG_SCREEN_3:
            gp_pbuf = pbuf_from_data (image_screen_3, image_screen3_size);
            break;

        case W_ICON_PLAY:
            gp_pbuf = pbuf_from_data_scaled ((const unsigned char*) play_svg,
                                             (gssize) strlen (play_svg),
                                             25);
            break;

        case W_ICON_STOP:
            gp_pbuf = pbuf_from_data_scaled ((const unsigned char*) stop_svg,
                                             (gssize) strlen (stop_svg),
                                             25);
            break;

        case W_IMG_CHECK:
            gp_pbuf = pbuf_from_data_scaled ((const unsigned char*) check_svg,
                                             (gssize) strlen (check_svg),
                                             30);
            break;

        case W_LOGO_PEXELS:
            gp_pbuf = pbuf_from_data (logo_pexels, logo_pexels_size);
            break;

        case W_LOGO_PIXABAY:
            gp_pbuf = pbuf_from_data_scaled (
                    (const unsigned char*) logo_pixabay_svg,
                    (gssize) strlen (logo_pixabay_svg),
                    100);
            break;
        case W_LOGO_WALLHAVEN:
            gp_pbuf = pbuf_from_data (logo_wallhaven, logo_wallhaven_size);
            break;
        case W_LOGO_WALLABYSS:
            gp_pbuf = pbuf_from_data (logo_wallabyss, logo_wallabyss_size);
            break;

#ifdef HAVE_FLICKCURL
        case W_LOGO_FLICKR:
            gp_pbuf = pbuf_from_data_scaled (
                    (const unsigned char*) logo_flickr_svg,
                    (gssize) strlen (logo_flickr_svg),
                    100);
            break;
#endif

        case W_IMG_COUNT:
            break;

        default:
            break;
    }
    return gp_pbuf;
}
/*----------------------------------------------------------------------------*/


